{"components/carousel":"<section class=\"heroCarousel\"\n    data-slick='{\n        \"dots\": false,\n        \"arrows\": false,\n        \"mobileFirst\": true,\n        \"slidesToShow\": 1,\n        \"slidesToScroll\": 1,\n        \"autoplay\": true,\n        \"autoplaySpeed\": {{carousel.swap_frequency}},\n        \"responsive\": [\n        {\n        \"breakpoint\": 480,\n        \"settings\": {\n        \"dots\": true,\n        \"arrows\": true\n        }\n        }\n        ]\n        }'>\n    {{#each carousel.slides}}\n    <div class=\"heroCarousel-slide\" style=\"background-image: url({{image}})\">\n        <a href=\"{{url}}\">\n            <img class=\"heroCarousel-image\" src=\"{{image}}\" alt=\"{{alt_text}}\"/>\n            {{#if heading}}\n                {{> components/carousel-content show_background=true}}\n            {{else}}\n                {{#if text}}\n                    {{> components/carousel-content show_background=true}}\n                {{else}}\n                    {{#if button_text}}\n                        {{> components/carousel-content show_background=false}}\n                    {{/if}}\n                {{/if}}\n            {{/if}}\n        </a>\n    </div>\n    {{/each}}\n</section>\n","components/carousel-content":"<div class=\"heroCarousel-content{{#unless show_background}} heroCarousel-content--empty{{/unless}}\">\n    <h1 class=\"heroCarousel-title\">{{heading}}</h1>\n    <p class=\"heroCarousel-description\">{{text}}</p>\n    {{#if button_text}}\n        <span class=\"heroCarousel-action button button--primary button--large\">{{button_text}}</span>\n    {{/if}}\n</div>\n"}
