{"components/products/card":"<article class=\"card {{#if alternate}}card--alternate{{/if}}\">\r\n    <figure class=\"card-figure\">\r\n        <div class=\"card-image-container\">\r\n            <a href=\"{{url}}\">\r\n                <img class=\"card-image\" src=\"{{getImage image 'productgallery_size' (cdn theme_settings.default_image_product)}}\" alt=\"{{image.alt}}\">\r\n            </a>\r\n            {{#if price.rrp_without_tax}}<span class=\"sale-box\"><span class=\"label-sale label\">Sale</span></span>{{/if}}\r\n        </div>\r\n        <figcaption class=\"card-figcaption\">\r\n            <div class=\"card-figcaption-body\">\r\n            <div class=\"textmeta-wrap\">\r\n                {{#if brand.name}}\r\n                    <p class=\"card-text\" data-test-info-type=\"brandName\">{{brand.name}}</p>\r\n                {{/if}}\r\n                <h4 class=\"card-title\">\r\n                     <a href=\"{{url}}\">{{name}}</a>\r\n                 </h4>\r\n                {{#if show_rating}}\r\n                    <p class=\"card-text\" data-test-info-type=\"productRating\">\r\n                    <span class=\"rating--small\">\r\n                    {{> components/products/ratings rating=rating}}\r\n                    </span>\r\n                    </p>\r\n                {{/if}}\r\n                 <div class=\"card-text card-price\" data-test-info-type=\"price\">\r\n                    {{> components/products/price price=price}}\r\n                </div>\r\n                </div>\r\n                <div class=\"functional-wrap\">\r\n                {{#if show_cart_action}}\r\n                    <div class=\"box-cart\">\r\n                        {{#if has_options}}\r\n                            <a href=\"{{url}}\" class=\"button button--small card-figcaption-button btn_cart\" data-product-id=\"{{id}}\" title=\"{{lang 'products.choose_options'}}\"><i class=\"fa fa-shopping-cart\"></i>{{lang 'products.choose_options'}}</a>\r\n                        {{/if}}\r\n                {{#if pre_order}}\r\n                            <a href=\"{{url}}\" class=\"button button--small card-figcaption-button btn_cart\" title=\"{{lang 'products.pre_order'}}\"><i class=\"fa fa-shopping-cart\"></i>{{lang 'products.pre_order'}}</a>\r\n                {{/if}}\r\n                {{#if add_to_cart_url }}\r\n                            <a href=\"{{add_to_cart_url}}\" class=\"button button--small card-figcaption-button btn_cart\" title=\"{{lang 'products.add_to_cart'}}\"><i class=\"fa fa-shopping-cart\"></i>{{lang 'products.add_to_cart'}}</a>\r\n                {{/if}}\r\n                {{#if out_of_stock_message }}\r\n                            <a href=\"javascript:void(0)\" disabled class=\"button button--small card-figcaption-button btn_cart\" data-product-id=\"{{id}}\" title=\"{{out_of_stock_message}}\"><i class=\"fa fa-shopping-cart\"></i>{{out_of_stock_message}}</a>\r\n                {{/if}}\r\n                </div>\r\n                {{/if}}\r\n                {{#if setting_show.show_wishlist}}\r\n                    <div class=\"box-wishlist\">\r\n                        <form class=\"form\" method=\"post\" action=\"{{add_to_wishlist_url}}\" data-wishlist-add>\r\n                            <div class=\"form-action\">\r\n                                <input type=\"hidden\" name=\"variation_id\" value=\"\">\r\n                                {{!--<input class=\"button button--small card-figcaption-button\" type=\"submit\" value=\"{{lang 'account.wishlists.add_item'}}\">--}}\r\n                                <button title=\"{{lang 'account.wishlists.add_item'}}\" class=\"button button--small card-figcaption-button\" type=\"submit\"><i class=\"fa fa-heart\"></i>{{lang 'account.wishlists.add_item'}}</button>\r\n                            </div>\r\n                        </form>\r\n                    </div>\r\n                {{/if}}\r\n                {{#unless hide_product_quick_view}}\r\n                    {{#if theme_settings.show_product_quick_view}}\r\n                        <a href=\"#\" title=\"{{lang 'products.quick_view'}}\" class=\"button button--small card-figcaption-button quickview\" data-product-id=\"{{id}}\"><i class=\"fa fa-eye\"></i>{{lang 'products.quick_view'}}</a>\r\n                    {{/if}}\r\n                {{/unless}}\r\n                {{#if show_compare }}\r\n                    <div class=\"box-compare\">\r\n                        <label title=\"{{lang 'products.compare'}}\" class=\"button button--small card-figcaption-button btn-compare\" for=\"compare-{{id}}\">\r\n                            {{lang 'products.compare'}} <input type=\"checkbox\" name=\"products[]\" value=\"{{id}}\" id=\"compare-{{id}}\" data-compare-id=\"{{id}}\">\r\n                        </label>\r\n                    </div>\r\n                {{/if}} \r\n                </div>\r\n            </div>\r\n        </figcaption>\r\n    </figure>\r\n</article>\r\n","components/products/carousel":"<section class=\"productCarousel\"\n    data-slick='{\n        \"rows\":1,\n        \"arrows\": false,\n        \"dots\": false,\n        \"infinite\": false,\n        \"mobileFirst\": true,\n        \"slidesToShow\": 1,\n        \"slidesToScroll\": 1,\n        \"responsive\": [\n            {\n                \"breakpoint\": 992,\n                \"settings\": {\n                    \"arrows\": true,\n                    \"slidesToScroll\": 2,\n                    \"slidesToShow\": {{ columns }}\n                }\n            },\n            {\n                \"breakpoint\": 768,\n                \"settings\": {\n                    \"slidesToScroll\": 2,\n                    \"slidesToShow\": 3\n                }\n            },\n            {\n                \"breakpoint\": 480,\n                \"settings\": {\n                    \"slidesToScroll\": 2,\n                    \"slidesToShow\": 2\n                }\n            }\n        ]\n    }'\n>\n\n    {{#each products}}\n    <div class=\"productCarousel-slide\">\n        {{> components/products/card theme_settings=../theme_settings  show_rating=../settings.show_product_rating setting_show = ../settings }}\n    </div>\n    {{/each}}\n</section>\n","components/products/price":"{{#if price.with_tax}}\n    <div class=\"price-section price-section--withTax\" {{#if schema_org}}itemprop=\"offers\" itemscope itemtype=\"http://schema.org/Offer\"{{/if}}>\n        <span data-product-price-with-tax class=\"price\">{{price.with_tax.formatted}}</span>\n        {{#if price.rrp_with_tax}}\n            <span data-product-rrp-with-tax class=\"price price--rrp\">{{price.rrp_with_tax.formatted}}</span>\n        {{/if}}\n        {{#if price.without_tax}}\n            {{lang 'products.price_with_tax' tax_label=price.tax_label}}\n        {{/if}}\n    </div>\n{{/if}}\n\n{{#if price.without_tax}}\n    <div class=\"price-section price-section--withoutTax {{#if price.with_tax}}price-section--minor{{/if}}\" {{#if schema_org}}itemprop=\"offers\" itemscope itemtype=\"http://schema.org/Offer\"{{/if}}> \n        <span data-product-price-without-tax class=\"price price--withoutTax\">{{price.without_tax.formatted}}</span>\n        {{#if price.rrp_without_tax}}\n            <span data-product-rrp-without-tax class=\"price price--rrp\">{{price.rrp_without_tax.formatted}}</span>\n        {{/if}}\n        {{#if schema_org}}\n            <meta itemprop=\"price\" content=\"{{price.without_tax.value}}\">\n            <meta itemprop=\"priceCurrency\" content=\"{{currency_selector.active_currency_code}}\">\n        {{/if}}\n        {{#if price.with_tax}}\n            <abbr title=\"{{lang 'products.excluding_tax'}}\">{{lang 'products.price_without_tax' tax_label=price.tax_label}}</abbr>\n        {{/if}}\n    </div>\n{{/if}}\n\n{{#if page_type '===' 'product'}}\n    {{#if price.saved}}\n        <div class=\"price-section price-section--saving\">\n            <span class=\"price\">\n                {{lang 'products.you_save' amount=price.saved.formatted}}\n            </span>\n        </div>\n    {{/if}}\n{{/if}}\n","components/products/ratings":"{{#for 1 5}}\n    {{#if ../this.rating '>=' $index}}\n        <span class=\"icon icon--ratingFull\">\n            <svg>\n                <use xlink:href=\"#icon-star\" />\n            </svg>\n        </span>\n    {{else}}\n        <span class=\"icon icon--ratingEmpty\">\n            <svg>\n                <use xlink:href=\"#icon-star\" />\n            </svg>\n        </span>\n    {{/if}}\n{{/for}}\n{{{snippet 'product_rating'}}}\n","components/products/tabs":"<ul class=\"tabs\" data-tab role=\"tablist\">\n    {{#if product.related_products}}\n        <li class=\"tab is-active\" role=\"presentational\">\n            <a class=\"tab-title\" href=\"#tab-related\" role=\"tab\" tabindex=\"0\" aria-selected=\"true\" controls=\"tab-related\">{{lang 'products.related_products'}}</a>\n        </li>\n    {{/if}}\n    {{#if product.similar_by_views}}\n        <li class=\"tab{{#unless product.related_products}} is-active{{/unless}}\" role=\"presentational\">\n            <a class=\"tab-title\" href=\"#tab-similar\" role=\"tab\" tabindex=\"0\" aria-selected=\"false\" controls=\"tab-similar\">{{lang 'products.similar_by_views'}}</a>\n        </li>\n    {{/if}}\n</ul>\n\n<div class=\"tabs-contents\">\n{{#if product.related_products}}\n    <div role=\"tabpanel\" aria-hidden=\"false\" class=\"tab-content has-jsContent is-active\" id=\"tab-related\">\n        {{> components/products/carousel products=product.related_products columns=4}}\n    </div>\n{{/if}}\n\n{{#if product.similar_by_views}}\n    <div role=\"tabpanel\" aria-hidden=\"true\" class=\"tab-content has-jsContent{{#unless product.related_products}} is-active{{/unless}}\" id=\"tab-similar\">\n        {{> components/products/carousel products=product.similar_by_views columns=4}}\n    </div>\n{{/if}}\n</div>\n"}
