{"components/products/carousel":"<section class=\"productCarousel\"\r\n    data-slick='{\r\n        \"dots\": true,\r\n        \"infinite\": false,\r\n        \"mobileFirst\": true,\r\n        \"slidesToShow\": 2,\r\n        \"slidesToScroll\": 2,\r\n        \"responsive\": [\r\n            {\r\n                \"breakpoint\": 1260,\r\n                \"settings\": {\r\n                    \"slidesToScroll\": 3,\r\n                    \"slidesToShow\": {{ columns }}\r\n                }\r\n            },\r\n            {\r\n                \"breakpoint\": 800,\r\n                \"settings\": {\r\n                    \"slidesToScroll\": 3,\r\n                    \"slidesToShow\": 5\r\n                }\r\n            },\r\n            {\r\n                \"breakpoint\": 550,\r\n                \"settings\": {\r\n                    \"slidesToScroll\": 3,\r\n                    \"slidesToShow\": 3\r\n                }\r\n            }\r\n        ]\r\n    }'\r\n>\r\n    {{#each products}}\r\n    <div class=\"productCarousel-slide\">\r\n        {{> components/products/card theme_settings=../theme_settings}}\r\n    </div>\r\n    {{/each}}\r\n</section>\r\n","components/products/card":"<article class=\"product-content card {{#if alternate}}card--alternate{{/if}}\">\r\n    <div class=\"content_img_icon\">\r\n        <figure class=\"card-figure\">\r\n            <a class=\"product-image\" href=\"{{url}}\">\r\n                <img class=\"card-image lazyOwl\" src=\"{{getImage image 'product_grid' (cdn theme_settings.default_image_product)}}\" alt=\"{{image.alt}}\">\r\n            </a>\r\n            <figcaption class=\"card-figcaption\">\r\n                <div class=\"card-figcaption-body\">\r\n                    {{#unless hide_product_quick_view}}\r\n                    {{#if theme_settings.show_product_quick_view}}\r\n                    <a href=\"#\" class=\"button button--small card-figcaption-button quickview\" data-product-id=\"{{id}}\">{{lang 'products.quick_view'}}</a>\r\n                    {{/if}}\r\n                    {{/unless}}\r\n                    {{#if show_compare}}\r\n                    <label class=\"button button--small card-figcaption-button\" for=\"compare-{{id}}\">\r\n                        {{lang 'products.compare'}} <input type=\"checkbox\" name=\"products[]\" value=\"{{id}}\" id=\"compare-{{id}}\" data-compare-id=\"{{id}}\">\r\n                    </label>\r\n                    {{/if}}\r\n                </div>\r\n            </figcaption>\r\n        </figure>\r\n        <div class=\"productgrid-area\">\r\n            <div class=\"actions\">\r\n                {{#if show_cart_action}}\r\n                {{#if has_options}}\r\n                <a href=\"{{url}}\" class=\" btn-cart button button--small card-figcaption-button\" data-product-id=\"{{id}}\"><span><i class=\"icon-plus\"></i><span>{{lang 'products.choose_options'}}</span></span></a>\r\n                {{/if}}\r\n                {{#if pre_order}}\r\n                <a href=\"{{url}}\" class=\"btn-cart  button button--small card-figcaption-button\"><span><i class=\"icon-plus\"></i><span>{{lang 'products.pre_order'}}</span></span></a>\r\n                {{/if}}\r\n                {{#if add_to_cart_url }}\r\n                <a href=\"{{add_to_cart_url}}\" class=\"btn-cart  button button--small card-figcaption-button\"><span><i class=\"icon-plus\"></i><span>{{lang 'products.add_to_cart'}}</span></span></a>\r\n                {{/if}}\r\n                {{#if out_of_stock_message }}\r\n                <a href=\"{{url}}\" class=\"btn-cart button button--small card-figcaption-button\" data-product-id=\"{{id}}\"><span><i class=\"icon-plus\"></i><span>{{out_of_stock_message}}</span></span></a>\r\n                {{/if}}\r\n                {{/if}}\t\t\t\t    \r\n            </div>\r\n        </div>\r\n    </div>\r\n    <div class=\"actions1\">\r\n        {{#if brand.name}}\r\n        <!-- <p class=\"card-text\" data-test-info-type=\"brandName\">{{brand.name}}</p>-->\r\n        {{/if}}\r\n        <h2 class=\"product-name\"><a href=\"{{url}}\">{{name}}</a></h2>\r\n        <div class=\"vert\">  \r\n            <div class=\"price-box\">\r\n                <div class=\"card-text\" data-test-info-type=\"price\">\r\n                    {{> components/products/price price=price}}\r\n                </div>\r\n            </div>\r\n        </div>\r\n        <div class=\"no-rating\">\r\n            <div class=\"ratings\">\r\n                {{#if show_rating}}\r\n                <p class=\"card-text\" data-test-info-type=\"productRating\">\r\n                    <span class=\"rating--small\">\r\n                        {{> components/products/ratings rating=rating}}\r\n                    </span>\r\n                </p>\r\n                {{/if}}\r\n            </div>\r\n        </div>\r\n    </div>\t\t\t    \r\n</article>","components/products/price":"{{#if price.with_tax}}\r\n    <div class=\"price-section price-section--withTax\" {{#if schema_org}}itemprop=\"offers\" itemscope itemtype=\"http://schema.org/Offer\"{{/if}}>\r\n        {{#if price.rrp_with_tax}}\r\n            <span data-product-rrp-with-tax class=\"price price--rrp\">{{price.rrp_with_tax.formatted}}</span>\r\n        {{/if}}\r\n        <span data-product-price-with-tax class=\"price\">{{price.with_tax.formatted}}</span>\r\n        {{#if price.without_tax}}\r\n            {{lang 'products.price_with_tax' tax_label=price.tax_label}}\r\n        {{/if}}\r\n    </div>\r\n{{/if}}\r\n\r\n{{#if price.without_tax}}\r\n    <div class=\"price-section price-section--withoutTax {{#if price.with_tax}}price-section--minor{{/if}}\"  {{#if schema_org}}itemprop=\"offers\" itemscope itemtype=\"http://schema.org/Offer\"{{/if}}>\r\n        {{#if price.rrp_without_tax}}\r\n            <span data-product-rrp-without-tax class=\"price price--rrp\">{{price.rrp_without_tax.formatted}}</span>\r\n        {{/if}}\r\n        {{#if schema_org}}\r\n            <meta itemprop=\"price\" content=\"{{price.without_tax.value}}\">\r\n            <meta itemprop=\"priceCurrency\" content=\"{{currency_selector.active_currency_code}}\">\r\n        {{/if}}\r\n        <span data-product-price-without-tax class=\"price price--withoutTax\">{{price.without_tax.formatted}}</span>\r\n        {{#if price.with_tax}}\r\n            <abbr title=\"{{lang 'products.excluding_tax'}}\">{{lang 'products.price_without_tax' tax_label=price.tax_label}}</abbr>\r\n        {{/if}}\r\n    </div>\r\n{{/if}}\r\n\r\n{{#if page_type '===' 'product'}}\r\n    {{#if price.saved}}\r\n        <div class=\"price-section price-section--saving\">\r\n            <span class=\"price\">\r\n                {{lang 'products.you_save' amount=price.saved.formatted}}\r\n            </span>\r\n        </div>\r\n    {{/if}}\r\n{{/if}}\r\n","components/products/ratings":"{{#for 1 5}}\r\n    {{#if ../this.rating '>=' $index}}\r\n        <span class=\"icon icon--ratingFull\">\r\n            <svg>\r\n                <use xlink:href=\"#icon-star\" />\r\n            </svg>\r\n        </span>\r\n    {{else}}\r\n        <span class=\"icon icon--ratingEmpty\">\r\n            <svg>\r\n                <use xlink:href=\"#icon-star\" />\r\n            </svg>\r\n        </span>\r\n    {{/if}}\r\n{{/for}}\r\n{{{snippet 'product_rating'}}}\r\n"}