{"components/products/carousel":"<section class=\"productCarousel\"\r\n    data-slick='{\r\n        \"dots\": false,\r\n        \"infinite\": false,\r\n        \"mobileFirst\": true,\r\n        \"slidesToShow\": 1,\r\n        \"slidesToScroll\": 1,\r\n        \"responsive\": [\r\n            {\r\n                \"breakpoint\": 1677,\r\n                \"settings\": {\r\n                    \"slidesToScroll\": 1,\r\n                    \"slidesToShow\": 4\r\n                }\r\n            },\r\n            {\r\n                \"breakpoint\": 991,\r\n                \"settings\": {\r\n                    \"slidesToScroll\": 1,\r\n                    \"slidesToShow\": 4\r\n                }\r\n            },\r\n            {\r\n                \"breakpoint\": 768,\r\n                \"settings\": {\r\n                    \"slidesToScroll\": 1,\r\n                    \"slidesToShow\": 3\r\n                }\r\n            },\r\n            {\r\n                \"breakpoint\": 500,\r\n                \"settings\": {\r\n                    \"slidesToScroll\": 1,\r\n                    \"slidesToShow\": 2\r\n                }\r\n            }\r\n        ]\r\n    }'\r\n>\r\n    {{#each products}}\r\n    <div class=\"productCarousel-slide\">\r\n        {{> components/products/card theme_settings=../theme_settings}}\r\n    </div>\r\n    {{/each}}\r\n</section>\r\n","components/products/card":"<article class=\"card {{#if alternate}}card--alternate{{/if}}\">\r\n    <figure class=\"card-figure\">\r\n        <a href=\"{{url}}\"><img class=\"card-image\" src=\"{{getImage image 'productgallery_size' (cdn theme_settings.default_image_product)}}\" alt=\"{{image.alt}}\"></a>\r\n        <figcaption class=\"card-figcaption\">\r\n            <a class=\"extra--link\" href=\"{{url}}\"></a>\r\n            <div class=\"card-figcaption-body\">\r\n                {{#unless hide_product_quick_view}}\r\n                    {{#if theme_settings.show_product_quick_view}}\r\n                        <a href=\"#\" class=\"button button--small card-figcaption-button quickview\" data-product-id=\"{{id}}\"><span class=\"icon icon-visibility\"></span>{{lang 'products.quick_view'}}</a>\r\n                    {{/if}}\r\n                {{/unless}}\r\n                {{#if show_compare}}\r\n                    <label class=\"button button--small card-figcaption-button\" for=\"compare-{{id}}\">\r\n                        {{lang 'products.compare'}} <input type=\"checkbox\" name=\"products[]\" value=\"{{id}}\" id=\"compare-{{id}}\" data-compare-id=\"{{id}}\">\r\n                    </label>\r\n                {{/if}}\r\n\r\n            </div>\r\n        </figcaption>\r\n    </figure>\r\n    <div class=\"card-body\">\r\n\r\n            <p class=\"card-text\" data-test-info-type=\"productRating\">\r\n                <span class=\"rating--small\">\r\n                    {{> components/products/ratings rating=rating}}\r\n                </span>\r\n            </p>\r\n\r\n        {{#if brand.name}}\r\n            <p class=\"card-text\" data-test-info-type=\"brandName\">{{brand.name}}</p>\r\n        {{/if}}\r\n        <h4 class=\"card-title\">\r\n            <a href=\"{{url}}\">{{name}}</a>\r\n        </h4>\r\n        <div class=\"card-text\" data-test-info-type=\"price\">\r\n            {{> components/products/price price=price}}\r\n        </div>\r\n    </div>\r\n    {{#if show_cart_action}}\r\n      <div class=\"product__inside__hover\">\r\n            {{#if has_options}}\r\n            <a href=\"{{url}}\" class=\"button button--small card-figcaption-button\" data-product-id=\"{{id}}\"><span class=\"icon icon-shopping_basket\"></span>{{lang 'products.choose_options'}}</a>\r\n            {{/if}}\r\n            {{#if pre_order}}\r\n            <a href=\"{{url}}\" class=\"button button--small card-figcaption-button\">\r\n                <span class=\"icon icon-shopping_basket\"></span> {{lang 'products.pre_order'}}\r\n            </a>\r\n            {{/if}}\r\n            {{#if add_to_cart_url }}\r\n            <a href=\"{{add_to_cart_url}}\" class=\"button button--small card-figcaption-button\">\r\n                <span class=\"icon icon-shopping_basket\"></span> {{lang 'products.add_to_cart'}}\r\n            </a>\r\n            {{/if}}\r\n            {{#if out_of_stock_message }}\r\n            <a href=\"{{url}}\" class=\"button button--small card-figcaption-button\" data-product-id=\"{{id}}\"><span class=\"icon icon-shopping_basket\"></span> {{out_of_stock_message}}</a>\r\n            {{/if}}\r\n        </div>\r\n    {{/if}}\r\n</article>\r\n","components/products/ratings":"{{#for 1 5}}\r\n    {{#if ../this.rating '>=' $index}}\r\n        <span class=\"icon icon--ratingFull\">\r\n            <svg>\r\n                <use xlink:href=\"#icon-star\" />\r\n            </svg>\r\n        </span>\r\n    {{else}}\r\n        <span class=\"icon icon--ratingEmpty\">\r\n            <svg>\r\n                <use xlink:href=\"#icon-star\" />\r\n            </svg>\r\n        </span>\r\n    {{/if}}\r\n{{/for}}\r\n{{{snippet 'product_rating'}}}\r\n","components/products/price":"{{#if price.with_tax}}\r\n    <div class=\"price-section price-section--withTax\" {{#if schema_org}}itemprop=\"offers\" itemscope itemtype=\"http://schema.org/Offer\"{{/if}}>\r\n        {{#if price.rrp_with_tax}}\r\n            <span data-product-rrp-with-tax class=\"price price--rrp\">{{price.rrp_with_tax.formatted}}</span>\r\n        {{/if}}\r\n        <span data-product-price-with-tax class=\"price\">{{price.with_tax.formatted}}</span>\r\n        {{#if price.without_tax}}\r\n            {{lang 'products.price_with_tax' tax_label=price.tax_label}}\r\n        {{/if}}\r\n    </div>\r\n{{/if}}\r\n\r\n{{#if price.without_tax}}\r\n    <div class=\"price-section price-section--withoutTax {{#if price.with_tax}}price-section--minor{{/if}}\"  {{#if schema_org}}itemprop=\"offers\" itemscope itemtype=\"http://schema.org/Offer\"{{/if}}>\r\n        {{#if price.rrp_without_tax}}\r\n            <span data-product-rrp-without-tax class=\"price price--rrp\">{{price.rrp_without_tax.formatted}}</span>\r\n        {{/if}}\r\n        {{#if schema_org}}\r\n            <meta itemprop=\"price\" content=\"{{price.without_tax.value}}\">\r\n            <meta itemprop=\"priceCurrency\" content=\"{{currency_selector.active_currency_code}}\">\r\n        {{/if}}\r\n        <span data-product-price-without-tax class=\"price price--withoutTax\">{{price.without_tax.formatted}}</span>\r\n        {{#if price.with_tax}}\r\n            <abbr title=\"{{lang 'products.excluding_tax'}}\">{{lang 'products.price_without_tax' tax_label=price.tax_label}}</abbr>\r\n        {{/if}}\r\n    </div>\r\n{{/if}}\r\n\r\n{{#if page_type '===' 'product'}}\r\n    {{#if price.saved}}\r\n        <div class=\"price-section price-section--saving\">\r\n            <span class=\"price\">\r\n                {{lang 'products.you_save' amount=price.saved.formatted}}\r\n            </span>\r\n        </div>\r\n    {{/if}}\r\n{{/if}}\r\n"}