{"components/common/footer":"\r\n<footer class=\"footer\" role=\"contentinfo\">\r\n    <div class=\"container\">\r\n        <section class=\"footer-social\">\r\n            <div class=\"container\">\r\n                <div class=\"row\">\r\n                    <div class=\"columns large-3 small-12\">\r\n                        {{> components/common/social-links}}\r\n                    </div>\r\n                    <div class=\"columns large-9 small-12\">\r\n                    {{#if banners.bottom}}                        \r\n                            <div class=\"row\">\r\n                                <div class=\"banner columns large-12 small-12\">\r\n                                    <section class=\"testimonialCarousel\"\r\n                                        data-slick='{\r\n                                            \"dots\": false,\r\n                                            \"mobileFirst\": true,\r\n                                            \"slidesToShow\": 1,\r\n                                            \"slidesToScroll\": 1,\r\n                                            \"autoplay\": true,\r\n                                            \"autoplaySpeed\": {{carousel.swap_frequency}}\r\n                                        }'\r\n                                    >\r\n                                    {{{limit banners.bottom 1}}}\r\n                                    </section>\r\n                                </div>\r\n                            </div>\r\n                    {{/if}}\r\n                </div>\r\n            </div>\r\n        </section>\r\n        <section class=\"footer-info\">\r\n            <article class=\"footer-info-col footer-info-col--small\" data-section-type=\"footer-webPages\">\r\n                <h5 class=\"footer-info-heading\">{{lang 'footer.navigate'}}</h5>\r\n                <ul class=\"footer-info-list\">\r\n                    {{#each pages}}\r\n                    <li>\r\n                        <a href=\"{{url}}\">{{name}}</a>\r\n                    </li>\r\n                    {{/each}}\r\n                    <li>\r\n                        <a href=\"{{urls.sitemap}}\">{{lang 'sitemap.page_title'}}</a>\r\n                    </li>\r\n                </ul>\r\n            </article>\r\n\r\n            <article class=\"footer-info-col footer-info-col--small\" data-section-type=\"footer-categories\">\r\n                <h5 class=\"footer-info-heading\">{{lang 'footer.categories'}}</h5>\r\n                <ul class=\"footer-info-list\">\r\n                    {{#each categories}}\r\n                        <li>\r\n                            <a href=\"{{url}}\">{{name}}</a>\r\n                        </li>\r\n                    {{/each}}\r\n                </ul>\r\n            </article>\r\n\r\n            <article class=\"footer-info-col footer-info-col--small\" data-section-type=\"footer-brands\">\r\n                <h5 class=\"footer-info-heading\">{{lang 'footer.brands'}}</h5>\r\n                <ul class=\"footer-info-list\">\r\n                    {{#each shop_by_brand}}\r\n                        <li>\r\n                            <a href=\"{{url}}\">{{name}}</a>\r\n                        </li>\r\n                    {{/each}}\r\n                    <li><a href=\"{{urls.brands}}\">{{lang 'common.view_all'}}</a></li>\r\n                </ul>\r\n            </article>\r\n\r\n            <article class=\"footer-info-col footer-info-col--small\" data-section-type=\"storeInfo\">\r\n                <h5 class=\"footer-info-heading\">{{lang 'footer.info'}}</h5>\r\n                <address>{{nl2br settings.address}}</address>\r\n                {{#if settings.phone_number}}\r\n                    <strong>{{lang 'footer.call_us' phone_number=settings.phone_number}}</strong>\r\n                {{/if}}\r\n            </article>\r\n            \r\n        </section>\r\n        <section class=\"footer-bottom\">\r\n            <div class=\"row\">\r\n                <div class=\"columns small-12 large-3 medium-6\">\r\n                    <div class=\"footer-callus-block\">\r\n                        <h4 class=\"title_block\">\r\n                            call us now toll free:</h4>\r\n                        <h2>(800) 2345-6789</h2>\r\n                    </div>\r\n                </div>\r\n                <div class=\"columns small-12 large-6 medium-6\">\r\n                    <article class=\"footer-newslletter-col\" data-section-type=\"newsletterSubscription\">\r\n                        {{#if settings.show_newsletter_box}}\r\n                            {{> components/common/subscription-form}}\r\n                        {{/if}}\r\n                    </article>\r\n                </div>\r\n                <div class=\"columns small-12 large-3 medium-6\">\r\n                    <div class=\"footer-payment-block\">\r\n                        <h4 class=\"title_block\">{{lang 'footer.payment'}}</h4>\r\n                        {{> components/common/payment-icons}}\r\n                    </div>\r\n                </div>\r\n            </div>\r\n        </section>        \r\n    </div>\r\n    {{#if theme_settings.show_powered_by}}\r\n        <div class=\"footer-copyright\">\r\n            <p class=\"powered-by\">Powered by <a href=\"http://bigcommerce.com\" rel=\"nofollow\">BigCommerce</a></p>\r\n        </div>\r\n    {{/if}}\r\n</footer>\r\n","components/common/social-links":"{{#if social_media}}\r\n    <h5 class=\"footer-social-heading\">{{lang 'social.connect'}}</h5>\r\n    <ul class=\"socialLinks socialLinks--alt\">\r\n        {{#each social_media}}\r\n            <li class=\"socialLinks-item\">\r\n                {{#if display_name '===' 'google+'}}\r\n                    <a class=\"icon icon--google\" href=\"{{url}}\" target=\"_blank\">\r\n                        <svg><use xlink:href=\"#icon-google\" /></svg>\r\n                    </a>\r\n                {{else}}\r\n                    <a class=\"icon icon--{{display_name}}\" href=\"{{url}}\" target=\"_blank\">\r\n                        <svg><use xlink:href=\"#icon-{{display_name}}\" /></svg>\r\n                    </a>\r\n                {{/if}}\r\n            </li>\r\n        {{/each}}\r\n    </ul>\r\n{{/if}}\r\n","components/common/subscription-form":"<h4 class=\"title_block\">{{lang 'newsletter.subscribe_intro'}}</h4>\r\n\r\n<form class=\"form\" action=\"{{urls.subscribe.action}}\" method=\"post\">\r\n    <fieldset class=\"form-fieldset\">\r\n        <input type=\"hidden\" name=\"action\" value=\"subscribe\">\r\n        <input type=\"hidden\" name=\"nl_first_name\" value=\"bc\">\r\n        <input type=\"hidden\" name=\"check\" value=\"1\">\r\n        <div class=\"form-field\">\r\n            <label class=\"form-label is-srOnly\" for=\"nl_email\">{{lang 'common.email_address'}}</label>\r\n            <div class=\"form-prefixPostfix wrap\">\r\n                <input class=\"form-input\" id=\"nl_email\" name=\"nl_email\" type=\"email\" value=\"{{customer.email}}\" placeholder=\"{{lang 'newsletter.email_placeholder'}}\">\r\n                <input class=\"button button--mini form-prefixPostfix-button--postfix\" type=\"submit\" value=\"{{lang 'newsletter.subscribe_submit'}}\">\r\n            </div>\r\n        </div>\r\n    </fieldset>\r\n</form>","components/common/payment-icons":"<div class=\"footer-payment-icons\">\r\n    {{#if theme_settings.show_accept_amex}}\r\n        <svg class=\"footer-payment-icon\"><use xlink:href=\"#icon-logo-american-express\"></use></svg>\r\n    {{/if}}\r\n    {{#if theme_settings.show_accept_discover}}\r\n        <svg class=\"footer-payment-icon\"><use xlink:href=\"#icon-logo-discover\"></use></svg>\r\n    {{/if}}\r\n    {{#if theme_settings.show_accept_mastercard}}\r\n        <svg class=\"footer-payment-icon\"><use xlink:href=\"#icon-logo-mastercard\"></use></svg>\r\n    {{/if}}\r\n    {{#if theme_settings.show_accept_paypal}}\r\n        <svg class=\"footer-payment-icon\"><use xlink:href=\"#icon-logo-paypal\"></use></svg>\r\n    {{/if}}\r\n    {{#if theme_settings.show_accept_visa}}\r\n        <svg class=\"footer-payment-icon\"><use xlink:href=\"#icon-logo-visa\"></use></svg>\r\n    {{/if}}\r\n</div>\r\n"}