{"components/common/alert-error":"<div class=\"alertBox alertBox--error\">\n    <div class=\"alertBox-column alertBox-icon\">\n        <icon glyph=\"ic-error\" class=\"icon\" aria-hidden=\"true\"><svg xmlns=\"http://www.w3.org/2000/svg\" width=\"24\" height=\"24\" viewBox=\"0 0 24 24\"><path d=\"M12 2C6.48 2 2 6.48 2 12s4.48 10 10 10 10-4.48 10-10S17.52 2 12 2zm1 15h-2v-2h2v2zm0-4h-2V7h2v6z\"></path></svg></icon>\n    </div>\n    <p class=\"alertBox-column alertBox-message\">\n        <span>{{{this}}}</span>\n    </p>\n</div>\n","components/common/alert-success":"<div class=\"alertBox alertBox--success\">\n    <div class=\"alertBox-column alertBox-icon\">\n        <icon glyph=\"ic-success\" class=\"icon\" aria-hidden=\"true\"><svg xmlns=\"http://www.w3.org/2000/svg\" width=\"24\" height=\"24\" viewBox=\"0 0 24 24\"><path d=\"M12 2C6.48 2 2 6.48 2 12s4.48 10 10 10 10-4.48 10-10S17.52 2 12 2zm1 15h-2v-2h2v2zm0-4h-2V7h2v6z\"></path></svg></icon>\n    </div>\n    <p class=\"alertBox-column alertBox-message\">\n        <span>{{{this}}}</span>\n    </p>\n</div>\n","components/common/forms/text":"<div class=\"form-field\" id=\"{{id}}\" data-validation=\"{{validation}}\" {{#if private_id}}data-type=\"{{private_id}}\"{{/if}}>\n    <label class=\"form-label\" for=\"{{id}}_input\">{{label}}\n        {{#if required}}<small>{{lang 'common.required' }}</small>{{/if}}\n    </label>\n    <input type=\"text\" id=\"{{id}}_input\" data-label=\"{{label}}\" name=\"{{name}}\" {{#if value}} value=\"{{value}}\"{{/if}} class=\"form-input\" aria-required=\"{{required}}\" {{#if private_id}}data-field-type=\"{{private_id}}\"{{/if}}>\n</div>\n","components/common/share":"{{#if settings.add_this.buttons}}\n    <div class=\"addthis_toolbox addthis_32x32_style\" addthis:url=\"{{url}}\"\n         addthis:title=\"{{title}}\">\n        <ul class=\"socialLinks\">\n            {{#each settings.add_this.buttons}}\n                <li class=\"socialLinks-item socialLinks-item--{{service}}\">\n                    <a class=\"addthis_button_{{service}} icon icon--{{service}}\" {{{annotation}}}>\n                        {{#if service '===' 'google_plusone'}}\n                            <!-- No custom icons allowed with g+ -->\n                        {{/if}}\n\n                        {{#if service '===' 'facebook'}}\n                            <svg>\n                                <use xlink:href=\"#icon-facebook\"/>\n                            </svg>\n                        {{/if}}\n\n                        {{#if service '===' 'email'}}\n                            <svg>\n                                <use xlink:href=\"#icon-envelope\"/>\n                            </svg>\n                        {{/if}}\n\n                        {{#if service '===' 'print'}}\n                            <svg>\n                                <use xlink:href=\"#icon-print\"/>\n                            </svg>\n                        {{/if}}\n\n                        {{#if service '===' 'twitter'}}\n                            <svg>\n                                <use xlink:href=\"#icon-twitter\"/>\n                            </svg>\n                        {{/if}}\n\n                        {{#if service '===' 'linkedin'}}\n                            <svg>\n                                <use xlink:href=\"#icon-linkedin\"/>\n                            </svg>\n                        {{/if}}\n\n                        {{#if service '===' 'google'}}\n                            <svg>\n                                <use xlink:href=\"#icon-google\"/>\n                            </svg>\n                        {{/if}}\n\n                        {{#if service '===' 'pinterest'}}\n                            <svg>\n                                <use xlink:href=\"#icon-pinterest\"/>\n                            </svg>\n                        {{/if}}\n\n                        {{#if service '===' 'facebook_like'}}\n                            <svg>\n                                <use xlink:href=\"#icon-facebook_like\"/>\n                            </svg>\n                        {{/if}}\n                    </a>\n                </li>\n            {{/each}}\n        </ul>\n        <script type=\"text/javascript\"\n                src=\"//s7.addthis.com/js/300/addthis_widget.js#pubid=ra-4e94ed470ee51e32\"></script>\n        <script>\n            if (typeof(addthis) === \"object\") {\n                addthis.toolbox('.addthis_toolbox');\n            }\n        </script>\n    </div>\n{{/if}}\n","components/products/customizations/checkbox":"<div class=\"form-field\">\n    <input class=\"form-checkbox\" type=\"checkbox\" id=\"customization_{{this.id}}_{{../id}}\" {{#if required}}required {{/if}}name=\"ProductFields[{{this.id}}]\" {{#if value}}checked{{/if}}>\n    <label class=\"form-label form-label--alternate form-label--inlineSmall\" for=\"customization_{{this.id}}_{{../id}}\">\n        {{ this.display_name }}\n        {{#if required}}\n            <small>{{lang 'common.required'}}</small>\n        {{/if}}\n    </label>\n</div>\n","components/products/customizations/file":"<div class=\"form-field\">\n    <label class=\"form-label form-label--alternate form-label--inlineSmall\" for=\"customization_{{this.id}}_{{../id}}\">\n        {{ this.display_name }}:\n        {{#if required}}\n            <small>{{lang 'common.required'}}</small>\n        {{/if}}\n    </label>\n    <input class=\"form-file\" type=\"file\" id=\"customization_{{this.id}}_{{../id}}\" {{#if required}}required {{/if}}name=\"ProductFields[{{this.id}}]\">\n    {{#if original_name}}\n        {{{lang 'products.file_option_set' url=file_url name=original_name}}}\n    {{/if}}\n    <p class=\"form-fileDescription\">{{#if file_size}}{{lang 'products.max_filesize'}} <strong>{{file_size}}</strong>, {{/if}}{{#if file_types}}{{lang 'products.filetypes'}} <strong>{{file_types}}</strong>{{/if}}</p>\n</div>\n","components/products/customizations/select":"<div class=\"form-field\">\n    <label class=\"form-label form-label--alternate form-label--inlineSmall\" for=\"customization_{{id}}_{{../id}}\">\n        {{ display_name }}:\n        {{#if required}}\n            <small>{{lang 'common.required'}}</small>\n        {{/if}}\n    </label>\n    <select class=\"form-select form-select--small\" name=\"ProductFields[{{id}}]\" id=\"customization_{{id}}_{{../id}}\"{{#if required}} required{{/if}}>\n        <option value=\"\">{{lang 'products.choose_an_option'}}</option>\n        {{#each values}}\n            <option value=\"{{this}}\" {{#if ../value '===' this}}selected{{/if}}>{{this}}</option>\n        {{/each}}\n    </select>\n</div>\n","components/products/customizations/text":"<div class=\"form-field\">\n    <label class=\"form-label form-label--alternate form-label--inlineSmall\" for=\"customization_{{id}}_{{../id}}\">\n        {{ display_name }}:\n        {{#if required}}\n            <small>{{lang 'common.required'}}</small>\n        {{/if}}\n    </label>\n    <input class=\"form-input form-input--small\" type=\"text\" id=\"customization_{{id}}_{{../id}}\" {{#if required}}required {{/if}}name=\"ProductFields[{{id}}]\" value=\"{{value}}\">\n</div>\n","components/products/customizations/textarea":"<div class=\"form-field\">\n    <label class=\"form-label form-label--alternate form-label--inlineSmall\" for=\"customization_{{id}}_{{../id}}\">\n        {{display_name}}:\n        {{#if required}}\n            <small>{{lang 'common.required'}}</small>\n        {{/if}}\n    </label>\n    <textarea class=\"form-input\" id=\"customization_{{id}}_{{../id}}\" {{#if required}}required {{/if}}name=\"ProductFields[{{id}}]\">{{value}}</textarea>\n</div>\n","components/products/modals/writeReview":"<div id=\"modal-review-form\" class=\"modal\" data-reveal>\n    <div class=\"modal-header\">\n        <h2 class=\"modal-header-title\">{{lang 'products.reviews.write_a_review'}}</h2>\n        <a href=\"#\" class=\"modal-close\" aria-label=\"{{lang 'common.close'}}\" role=\"button\">\n            <span aria-hidden=\"true\">&#215;</span>\n        </a>\n    </div>\n    <div class=\"modal-body\">\n        <div class=\"writeReview-productDetails\">\n            <img src=\"{{getImage product.main_image 'product_size' (cdn theme_settings.default_image_product)}}\">\n            <h6 class=\"product-brand\">{{ product.brand.name }}</h6>\n            <h5 class=\"product-title\">{{ product.title }}</h5>\n        </div>\n        <form class=\"form writeReview-form\" action=\"{{ urls.product.post_review }}\" method=\"post\">\n            <fieldset class=\"form-fieldset\">\n                <div class=\"form-field\">\n                    <label class=\"form-label\" for=\"rating-rate\">{{lang 'products.reviews.rating_label'}}\n                        <small>{{lang 'common.required' }}</small>\n                    </label>\n                    <!-- Stars -->\n                    <!-- TODO: Review Stars need to be componentised, both for display and input -->\n                    <select id=\"rating-rate\" class=\"form-select\" name=\"revrating\">\n                        <option value=\"\">{{lang 'products.reviews.select_rating'}}</option>\n                        {{#for 1 5}}\n                            <option value=\"{{$index}}\">{{lang (concat 'products.reviews.rating.' $index) }}</option>\n                        {{/for}}\n                    </select>\n                </div>\n\n                <!-- Name -->\n                {{> components/common/forms/text name=\"revfromname\" label=(lang 'products.reviews.form_write.name') value=customer.name}}\n\n                {{#if product.reviews.show_review_email}}\n                    <!-- Email -->\n                    {{> components/common/forms/text name=\"email\" required=\"false\" label=(lang 'products.reviews.form_write.email') value=customer.email}}\n                {{/if}}\n\n                <!-- Review Subject -->\n                {{> components/common/forms/text name=\"revtitle\" required=\"true\" label=(lang 'products.reviews.form_write.subject')}}\n\n                <!-- Comments -->\n                {{> components/common/forms/text name=\"revtext\" required=\"true\" label=(lang 'products.reviews.form_write.comments')}}\n\n                {{#if product.reviews.captcha}}\n                    <header class=\"panel-header\">\n                        <h3 class=\"panel-title\">{{lang 'products.reviews.captcha_heading' }}</h3>\n                    </header>\n                    <div class=\"panel-body\">\n                        <script type=\"text/javascript\"\n                                src=\"https://www.google.com/recaptcha/api/challenge?k={{product.reviews.captcha}}\">\n                        </script>\n                        <noscript>\n                            <iframe src=\"https://www.google.com/recaptcha/api/noscript?k={{product.reviews.captcha}}\"\n                                    height=\"300\" width=\"500\" frameborder=\"0\"></iframe>\n                            <br>\n                    <textarea name=\"recaptcha_challenge_field\" rows=\"3\" cols=\"40\">\n                    </textarea>\n                            <input type=\"hidden\" name=\"recaptcha_response_field\" value=\"manual_challenge\">\n                        </noscript>\n                    </div>\n                {{/if}}\n\n                <div class=\"form-field\">\n                    <input type=\"submit\" class=\"button button--primary\"\n                           value=\"{{lang 'products.reviews.form_write.submit_value' }}\">\n                </div>\n                <input type=\"hidden\" name=\"product_id\" value=\"{{ product.id }}\">\n                <input type=\"hidden\" name=\"action\" value=\"post_review\">\n                {{#if product.reviews.throttleToken}}<input type=\"hidden\" name=\"throttleToken\" value=\"{{product.reviews.throttleToken}}\">{{/if}}\n            </fieldset>\n        </form>\n    </div>\n</div>\n","components/products/options/date":"<div class=\"form-field\" data-product-attribute=\"date\">\n    <label class=\"form-label form-label--alternate form-label--inlineSmall\" {{#if style}}style=\"{{style}}\" {{/if}}>\n        {{this.display_name}}:\n\n        {{#if required}}\n            <small>{{lang 'common.required'}}</small>\n        {{/if}}\n    </label>\n    <select class=\"form-select form-select--date\" name=\"attribute[{{this.id}}][month]\" {{#if required}}required{{/if}}>\n        <option value=\"\">{{lang 'common.month'}}</option>\n        {{#for 1 12}}\n            <option value=\"{{$index}}\" {{#if ../selected_date.month '==' $index}}selected=\"selected\"{{/if}}>\n                {{lang (concat 'common.short_months.' $index)}}\n            </option>\n        {{/for}}\n    </select>\n    <select class=\"form-select form-select--date\" name=\"attribute[{{this.id}}][day]\" {{#if required}}required{{/if}}>\n        <option value=\"\">{{lang 'common.day'}}</option>\n        {{#for 1 31}}\n            <option value=\"{{$index}}\" {{#if ../selected_date.day '==' $index}}selected=\"selected\"{{/if}}>\n                {{$index}}\n            </option>\n        {{/for}}\n    </select>\n    <select class=\"form-select form-select--date\" name=\"attribute[{{this.id}}][year]\" {{#if required}}required{{/if}}>\n        <option value=\"\">{{lang 'common.year'}}</option>\n        {{#for earliest_year latest_year}}\n            <option value=\"{{$index}}\" {{#if ../selected_date.year '==' $index}}selected=\"selected\"{{/if}}>\n                {{$index}}\n            </option>\n        {{/for}}\n    </select>\n</div>\n","components/products/options/input-checkbox":"<div class=\"form-field\" data-product-attribute=\"input-checkbox\">\n    <label class=\"form-label form-label--alternate form-label--inlineSmall\">\n        {{display_name}}:\n\n        {{#if required}}\n            <small>{{lang 'common.required'}}</small>\n        {{/if}}\n    </label>\n\n    <input \n        class=\"form-checkbox\"\n        type=\"checkbox\"\n        name=\"attribute[{{id}}]\"\n        id=\"attribute-{{id}}\"\n        value=\"{{value}}\"\n        {{#if checked}}checked{{/if}}\n        {{#if required}}required{{/if}}>\n\n    <label class=\"form-label {{class}}\" for=\"attribute-{{id}}\">{{label}}</label>\n</div>\n","components/products/options/input-file":"<div class=\"form-field\" data-product-attribute=\"input-file\">\n    <label class=\"form-label form-label--alternate form-label--inlineSmall\" for=\"attribute_{{id}}\">\n        {{ this.display_name }}:\n\n        {{#if required}}\n            <small>{{lang 'common.required'}}</small>\n        {{/if}}\n    </label>\n\n    <input class=\"form-file\" type=\"file\" id=\"attribute_{{id}}\" name=\"attribute[{{this.id}}]\" {{#if required}}required{{/if}}>\n    {{#if original_name}}\n        {{{lang 'products.file_option_set' url=file_url name=original_name}}}\n        <label>{{lang 'cart.remove_file'}}<input type=\"checkbox\" name=\"{{file_remove}}\"></label>\n    {{/if}}\n    <p class=\"form-fileDescription\">{{#if file_size}}{{lang 'products.max_filesize'}} <strong>{{file_size}}</strong>, {{/if}}{{#if file_types}}{{lang 'products.filetypes'}} <strong>{{file_types}}</strong>{{/if}}</p>\n\n</div>\n","components/products/options/input-numbers":"<div class=\"form-field\" data-product-attribute=\"input-number\">\n    <label class=\"form-label form-label--alternate form-label--inlineSmall\" for=\"attribute_{{id}}\">\n        {{ this.display_name }}:\n\n        {{#if required}}\n            <small>{{lang 'common.required'}}</small>\n        {{/if}}\n    </label>\n\n    <input class=\"form-input\" type=\"number\" id=\"attribute_{{id}}\" {{#unless this.integer_only}}step=\"any\"{{/unless}} name=\"attribute[{{this.id}}]\" value=\"{{this.prefill}}\" {{#if required}}required{{/if}}>\n</div>\n","components/products/options/input-text":"<div class=\"form-field\" data-product-attribute=\"input-text\">\n    <label class=\"form-label form-label--alternate form-label--inlineSmall\" for=\"attribute_{{id}}\">\n        {{ this.display_name }}:\n\n        {{#if required}}\n            <small>{{lang 'common.required'}}</small>\n        {{/if}}\n    </label>\n\n    <input class=\"form-input form-input--small\" type=\"text\" id=\"attribute_{{id}}\" name=\"attribute[{{this.id}}]\" value=\"{{this.prefill}}\" {{#if required}}required{{/if}}>\n</div>\n","components/products/options/product-list":"<div class=\"form-field\" data-product-attribute=\"product-list\">\n    <label class=\"form-label form-label--alternate form-label--inlineSmall\">\n        {{display_name}}:\n        <span data-option-value></span>\n\n        {{#if required}}\n            <small>{{lang 'common.required'}}</small>\n        {{/if}}\n    </label>\n\n    {{#if values.0.image}}\n        <ul class=\"productOptions-list\">\n            {{#unless required}}\n                <li class=\"productOptions-list-item\">\n                    <input class=\"form-radio\"\n                           type=\"radio\"\n                           name=\"attribute[{{id}}]\"\n                           value=\"0\"\n                           id=\"attribute_0_{{id}}\"\n                           {{#if defaultValue '==' 0}}checked{{/if}} required>\n                    <label class=\"form-label\" for=\"attribute_0_{{id}}\">{{lang 'products.none'}}</label>\n                </li>\n            {{/unless}}\n            {{#each values}}\n                <li class=\"productOptions-list-item\" data-product-attribute-value=\"{{id}}\">\n                    {{#if image}}\n                        <figure class=\"productOptions-list-item-figure\">\n                            <img class=\"productOptions-list-item-image\" src=\"{{getImage image 'productthumb_size'}}\" alt=\"{{image.alt}}\">\n                        </figure>\n                    {{/if}}\n                    <div class=\"productOptions-list-item-content\">\n                        <input\n                            class=\"form-radio\"\n                            type=\"radio\"\n                            name=\"attribute[{{../id}}]\"\n                            value=\"{{id}}\"\n                            id=\"attribute_{{id}}\"\n                            {{#if selected}}checked{{/if}}\n                            {{#if ../required}}required{{/if}}>\n                        <label data-product-attribute-value=\"{{id}}\" class=\"form-label\" for=\"attribute_{{id}}\">{{label}}</label>\n                    </div>\n                </li>\n            {{/each}}\n        </ul>\n    {{else}}\n        <input class=\"form-radio\"\n               type=\"radio\"\n               name=\"attribute[{{id}}]\"\n               value=\"0\"\n               id=\"attribute_0_{{id}}\"\n               {{#if defaultValue '==' 0}}checked{{/if}}\n               {{#if required}}required{{/if}}>\n        <label class=\"form-label\" for=\"attribute_0_{{id}}\">{{lang 'products.none'}}</label>\n        {{#each values}}\n            <input\n                class=\"form-radio\"\n                type=\"radio\"\n                name=\"attribute[{{../id}}]\"\n                value=\"{{id}}\"\n                id=\"attribute_{{id}}\"\n                {{#if selected}}checked{{/if}}\n                {{#if ../required}}required{{/if}}>\n            <label data-product-attribute-value=\"{{id}}\" class=\"form-label\" for=\"attribute_{{id}}\">{{label}}</label>\n        {{/each}}\n    {{/if}}\n</div>\n","components/products/options/set-radio":"<div class=\"form-field\" data-product-attribute=\"set-radio\">\n    <label class=\"form-label form-label--alternate form-label--inlineSmall\">\n        {{ this.display_name }}:\n\n        {{#if required}}\n            <small>{{lang 'common.required'}}</small>\n        {{/if}}\n    </label>\n\n    {{#each this.values}}\n        <input\n            class=\"form-radio\"\n            type=\"radio\"\n            id=\"attribute_{{id}}\"\n            name=\"attribute[{{../id}}]\"\n            value=\"{{id}}\"\n            {{#if selected}}checked{{/if}}\n            {{#if ../required}}required{{/if}}>\n        <label data-product-attribute-value=\"{{id}}\" class=\"form-label\" for=\"attribute_{{id}}\">{{this.label}}</label>\n    {{/each}}\n</div>\n","components/products/options/set-rectangle":"<div class=\"form-field\" data-product-attribute=\"set-rectangle\">\n    <label class=\"form-label form-label--alternate form-label--inlineSmall\">\n        {{this.display_name}}:\n        <span data-option-value></span>\n\n        {{#if required}}\n            <small>{{lang 'common.required'}}</small>\n        {{/if}}\n    </label>\n\n    {{#each this.values}}\n        <input\n            class=\"form-radio\"\n            type=\"radio\"\n            id=\"attribute_{{id}}\"\n            name=\"attribute[{{../id}}]\"\n            value=\"{{id}}\"\n            {{#if selected}}checked{{/if}}\n            {{#if ../required}}required{{/if}}>\n\n        <label class=\"form-option\" for=\"attribute_{{id}}\" data-product-attribute-value=\"{{id}}\">\n            <span class=\"form-option-variant\">{{this.label}}</span>\n        </label>\n    {{/each}}\n</div>\n","components/products/options/set-select":"<div class=\"form-field\" data-product-attribute=\"set-select\">\n    <label class=\"form-label form-label--alternate form-label--inlineSmall\" for=\"attribute_{{id}}\">\n        {{ this.display_name }}:\n\n        {{#if required}}\n            <small>{{lang 'common.required'}}</small>\n        {{/if}}\n    </label>\n\n    <select class=\"form-select form-select--small\" name=\"attribute[{{this.id}}]\" id=\"attribute_{{id}}\" {{#if required}}required{{/if}}>\n        <option value=\"\">{{lang 'products.choose_options'}}</option>\n        {{#each this.values}}\n            <option data-product-attribute-value=\"{{id}}\" value=\"{{id}}\" {{#if selected}}selected{{/if}}>{{label}}</option>\n        {{/each}}\n    </select>\n</div>\n","components/products/options/swatch":"<div class=\"form-field\" data-product-attribute=\"swatch\">\n    <label class=\"form-label form-label--alternate form-label--inlineSmall\">\n        {{this.display_name}}:\n        <span data-option-value></span>\n\n        {{#if required}}\n            <small>{{lang 'common.required'}}</small>\n        {{/if}}\n    </label>\n\n    {{#each this.values}}\n        <input class=\"form-radio\" type=\"radio\" name=\"attribute[{{../id}}]\" value=\"{{id}}\" id=\"attribute_{{id}}\" {{#if selected}}checked{{/if}} {{#if ../required}}required{{/if}}>\n        <label class=\"form-option\" for=\"attribute_{{id}}\" data-product-attribute-value=\"{{id}}\">\n            {{#if image}}\n                <span class='form-option-variant form-option-variant--pattern' title=\"{{this.label}}\" style=\"background-image: url('{{getImage image \"thumb_size\"}}');\"></span>\n            {{/if}}\n            {{#if data.[2]}}\n                <span class='form-option-variant form-option-variant--color' title=\"{{this.label}}\" style=\"background-color: #{{data.[0]}}\"></span>\n                <span class='form-option-variant form-option-variant--color' title=\"{{this.label}}\" style=\"background-color: #{{data.[1]}}\"></span>\n                <span class='form-option-variant form-option-variant--color' title=\"{{this.label}}\" style=\"background-color: #{{data.[2]}}\"></span>\n            {{else}}\n                {{#if data.[1]}}\n                    <span class='form-option-variant form-option-variant--color' title=\"{{this.label}}\" style=\"background-color: #{{data.[0]}}\"></span>\n                    <span class='form-option-variant form-option-variant--color' title=\"{{this.label}}\" style=\"background-color: #{{data.[1]}}\"></span>\n                {{else}}\n                    {{#if data.[0]}}\n                        <span class='form-option-variant form-option-variant--color' title=\"{{this.label}}\" style=\"background-color: #{{data.[0]}}\"></span>\n                    {{/if}}\n                {{/if}}\n            {{/if}}\n        </label>\n    {{/each}}\n</div>\n","components/products/options/textarea":"<div class=\"form-field\" data-product-attribute=\"textarea\">\n    <label class=\"form-label form-label--alternate form-label--inlineSmall\" for=\"attribute_{{id}}\">\n        {{display_name}}:\n\n        {{#if required}}\n            <small>{{lang 'common.required'}}</small>\n        {{/if}}\n    </label>\n\n    <textarea class=\"form-input\" id=\"attribute_{{id}}\" name=\"attribute[{{id}}]\" {{#if required}}required{{/if}}>\n        {{prefill}}\n    </textarea>\n</div>\n","components/products/price":"{{#if price.with_tax}}\n    <div class=\"price-section price-section--withTax\" {{#if schema_org}}itemprop=\"offers\" itemscope itemtype=\"http://schema.org/Offer\"{{/if}}>\n        {{#if price.rrp_with_tax}}\n            <span data-product-rrp-with-tax class=\"price price--rrp\">{{price.rrp_with_tax.formatted}}</span>\n        {{/if}}\n        <span data-product-price-with-tax class=\"price\">{{price.with_tax.formatted}}</span>\n        {{#if price.without_tax}}\n            {{lang 'products.price_with_tax' tax_label=price.tax_label}}\n        {{/if}}\n    </div>\n{{/if}}\n\n{{#if price.without_tax}}\n    <div class=\"price-section price-section--withoutTax {{#if price.with_tax}}price-section--minor{{/if}}\"  {{#if schema_org}}itemprop=\"offers\" itemscope itemtype=\"http://schema.org/Offer\"{{/if}}>\n        {{#if price.rrp_without_tax}}\n            <span data-product-rrp-without-tax class=\"price price--rrp\">{{price.rrp_without_tax.formatted}}</span>\n        {{/if}}\n        {{#if schema_org}}\n            <meta itemprop=\"price\" content=\"{{price.without_tax.value}}\">\n            <meta itemprop=\"priceCurrency\" content=\"{{currency_selector.active_currency_code}}\">\n        {{/if}}\n        <span data-product-price-without-tax class=\"price price--withoutTax\">{{price.without_tax.formatted}}</span>\n        {{#if price.with_tax}}\n            <abbr title=\"{{lang 'products.excluding_tax'}}\">{{lang 'products.price_without_tax' tax_label=price.tax_label}}</abbr>\n        {{/if}}\n    </div>\n{{/if}}\n\n{{#if page_type '===' 'product'}}\n    {{#if price.saved}}\n        <div class=\"price-section price-section--saving\">\n            <span class=\"price\">\n                {{lang 'products.you_save' amount=price.saved.formatted}}\n            </span>\n        </div>\n    {{/if}}\n{{/if}}\n","components/products/product-view":"<div class=\"productView\">\n    {{#each product.reviews.messages}}\n        {{#if error}}\n            {{>components/common/alert-error error}}\n        {{/if}}\n        {{#if success}}\n            {{>components/common/alert-success success}}\n        {{/if}}\n    {{/each}}\n\n    <section class=\"productView-details\">\n        <div class=\"productView-product\">\n            <h1 class=\"productView-title\" {{#if schema}}itemprop=\"name\"{{/if}}>{{product.title}}</h1>\n\n            <h2 class=\"productView-brand\"{{#if schema}} itemprop=\"brand\" itemscope itemtype=\"http://schema.org/Brand\"{{/if}}>\n                <a href=\"{{product.brand.url}}\"{{#if schema}} itemprop=\"url\"{{/if}}><span{{#if schema}} itemprop=\"name\"{{/if}}>{{product.brand.name}}</span></a>\n            </h2>\n            {{#if product.call_for_price}}\n                <p class=\"productView-price\">\n                    <span>{{product.call_for_price}}</span>\n                </p>\n            {{/if}}\n            \n            <div class=\"productView-rating\"{{#if schema}} itemprop=\"aggregateRating\" itemscope itemtype=\"http://schema.org/AggregateRating\"{{/if}}>\n                {{#if settings.show_product_rating}}\n                    {{#if product.num_reviews '>' 0}}\n                        {{#if schema}}\n                            <meta itemprop=\"ratingValue\" content=\"{{product.rating}}\">\n                            <meta itemprop=\"ratingCount\" content=\"{{product.num_reviews}}\">\n                            <meta itemprop=\"reviewCount\" content=\"{{product.num_reviews}}\">\n                        {{/if}}\n                    {{/if}}\n                    {{> components/products/ratings rating=product.rating}}\n                    <span class=\"productView-reviewLink\">\n                        {{#if product.num_reviews '>' 0}}\n                            <a href=\"{{product.url}}#product-reviews\">\n                                {{lang 'products.reviews.link_to_review' total=product.num_reviews}}\n                            </a>\n                        {{else}}\n                            {{lang 'products.reviews.link_to_review' total=product.num_reviews}}\n                        {{/if}}\n                    </span>\n                {{/if}}\n                {{#if settings.show_product_reviews}}\n                    <span class=\"productView-reviewLink\">\n                        <a href=\"{{product.url}}{{#if is_ajax}}#writeReview{{/if}}\"\n                           {{#unless is_ajax }}data-reveal-id=\"modal-review-form\"{{/unless}}>\n                           {{lang 'products.reviews.new'}}\n                        </a>\n                    </span>\n                    {{> components/products/modals/writeReview}}\n                {{/if}}\n            </div>\n            {{product.detail_messages}}\n            <dl class=\"productView-info\">\n                {{#if product.sku}}\n                    <dt class=\"productView-info-name\">{{lang 'products.sku'}}</dt>\n                    <dd class=\"productView-info-value\" data-product-sku>{{product.sku}}</dd>\n                {{/if}}\n                {{#if product.upc}}\n                    <dt class=\"productView-info-name\">{{lang 'products.upc'}}</dt>\n                    <dd class=\"productView-info-value\" data-product-upc>{{product.upc}}</dd>\n                {{/if}}\n                {{#if product.condition}}\n                    <dt class=\"productView-info-name\">{{lang 'products.condition'}}</dt>\n                    <dd class=\"productView-info-value\">{{product.condition}}</dd>\n                {{/if}}\n                {{#if product.availability}}\n                    <dt class=\"productView-info-name\">{{lang 'products.availability'}}</dt>\n                    <dd class=\"productView-info-value\">{{product.availability}}</dd>\n                {{/if}}\n                {{#if product.weight}}\n                    <dt class=\"productView-info-name\">{{lang 'products.weight'}}</dt>\n                    <dd class=\"productView-info-value\" data-product-weight>{{product.weight}}</dd>\n                {{/if}}\n                {{#if product.min_purchase_quantity}}\n                    <dt class=\"productView-info-name\">{{lang 'products.min_purchase_quantity'}}</dt>\n                    <dd class=\"productView-info-value\">{{lang 'products.purchase_units' quantity=product.min_purchase_quantity}}</dd>\n                {{/if}}\n                {{#if product.max_purchase_quantity}}\n                    <dt class=\"productView-info-name\">{{lang 'products.max_purchase_quantity'}}</dt>\n                    <dd class=\"productView-info-value\">{{lang 'products.purchase_units' quantity=product.max_purchase_quantity}}</dd>\n                {{/if}}\n                {{#if product.gift_wrapping_available}}\n                    <dt class=\"productView-info-name\">{{lang 'products.gift_wrapping'}}</dt>\n                    <dd class=\"productView-info-value\">{{lang 'products.gift_wrapping_available'}}</dd>\n                {{/if}}\n                {{#if product.shipping}}\n                    {{#if product.shipping.calculated}}\n                        <dt class=\"productView-info-name\">{{lang 'products.shipping'}}</dt>\n                        <dd class=\"productView-info-value\">{{lang 'products.shipping_calculated'}}</dd>\n                    {{else}}\n                        {{#if product.shipping.price.value '===' 0}}\n                            <dt class=\"productView-info-name\">{{lang 'products.shipping'}}</dt>\n                            <dd class=\"productView-info-value\">{{lang 'products.shipping_free'}}</dd>\n                        {{else}}\n                            <dt class=\"productView-info-name\">{{lang 'products.shipping'}}</dt>\n                            <dd class=\"productView-info-value\">{{lang 'products.shipping_fixed' amount=product.shipping.price.formatted}}</dd>\n                        {{/if}}\n                    {{/if}}\n                {{/if}}\n                {{#if product.bulk_discount_rates.length}}\n                    <dt class=\"productView-info-name\">{{lang 'products.bulk_pricing.title'}}</dt>\n                    <dd class=\"productView-info-value\">\n                        <a href=\"{{product.url}}\"\n                            {{#unless is_ajax }}data-reveal-id=\"bulkPricingModal\" {{/unless}}>\n                            {{lang 'products.bulk_pricing.view'}}\n                        </a>\n                    </dd>\n\n                    <div id=\"bulkPricingModal\" class=\"modal modal--small\" data-reveal>\n                        <div class=\"modal-header\">\n                            <h2 class=\"modal-header-title\">{{lang 'products.bulk_pricing.modal_title'}}</h2>\n                            <a href=\"#\" class=\"modal-close\" aria-label=\"Close\"><span aria-hidden=\"true\">&#215;</span></a>\n                        </div>\n                        <div class=\"modal-body\">\n                            <p>{{lang 'products.bulk_pricing.instructions'}}</p>\n                            <ul>\n                            {{#each product.bulk_discount_rates}}\n                                <li>\n                                    {{lang 'products.bulk_pricing.range' min=min max=max}}\n                                    {{#if type '===' 'percent'}}\n                                        {{lang 'products.bulk_pricing.percent' discount=discount.formatted}}\n                                    {{/if}}\n                                    {{#if type '===' 'fixed'}}\n                                        {{lang 'products.bulk_pricing.fixed' discount=discount.formatted}}\n                                    {{/if}}\n                                    {{#if type '===' 'price'}}\n                                        {{lang 'products.bulk_pricing.price' discount=discount.formatted}}\n                                    {{/if}}\n                                </li>\n                            {{/each}}\n                            </ul>\n                        </div>\n                    </div>\n                {{/if}}\n\n                {{#each product.custom_fields}}\n                    <dt class=\"productView-info-name\">{{name}}:</dt>\n                    <dd class=\"productView-info-value\">{{{value}}}</dd>\n                {{/each}}\n            </dl>\n        </div>\n    </section>\n\n    <section class=\"productView-images\" data-image-gallery>\n        <figure class=\"productView-image\"\n                data-image-gallery-main\n                data-zoom-image=\"{{getImage product.main_image 'zoom_size' (cdn theme_settings.default_image_product)}}\"\n                >\n            <a href=\"{{getImage product.main_image 'zoom_size' (cdn theme_settings.default_image_product)}}\">\n                <img class=\"productView-image--default\"\n                     src=\"{{getImage product.main_image 'product_size' (cdn theme_settings.default_image_product)}}\"\n                     alt=\"{{product.main_image.alt}}\" data-main-image>\n            </a>\n        </figure>\n        <ul class=\"productView-thumbnails\">\n            {{#each product.images}}\n                <li class=\"productView-thumbnail\">\n                    <a\n                        class=\"productView-thumbnail-link\"\n                        href=\"{{getImage this 'product_size' (cdn ../theme_settings.default_image_product)}}\"\n                        data-image-gallery-item\n                        data-image-gallery-new-image-url=\"{{getImage this 'product_size' (cdn ../theme_settings.default_image_product)}}\"\n                        data-image-gallery-zoom-image-url=\"{{getImage this 'zoom_size' (cdn ../theme_settings.default_image_product)}}\">\n                        <img src=\"{{getImage this 'productthumb_size' (cdn ../theme_settings.default_image_product)}}\" alt=\"{{this.alt}}\">\n                    </a>\n                </li>\n            {{/each}}\n        </ul>\n    </section>\n\n    <section class=\"productView-details\">\n        <div class=\"productView-options\">\n            {{#if product.release_date }}\n                <p>{{product.release_date}}</p>\n            {{/if}}\n\n            <form class=\"form\" method=\"post\" action=\"{{product.cart_url}}\" enctype=\"multipart/form-data\"\n                  data-cart-item-add>\n                <input type=\"hidden\" name=\"action\" value=\"add\">\n                <input type=\"hidden\" name=\"product_id\" value=\"{{product.id}}\"/>\n\n\n                    {{#each product.customizations}}\n                        {{{dynamicComponent 'components/products/customizations'}}}\n                    {{/each}}\n                <div data-product-option-change>\n                    {{#each product.options}}\n                        {{{dynamicComponent 'components/products/options'}}}\n                    {{/each}}\n                </div>\n\n                {{#if product.event_date}}\n                    <div class=\"form-field\">\n                        <label class=\"form-label form-label--alternate form-label--inlineSmall\">\n                        {{product.event_date.name}}:\n                        <small>{{lang 'common.required'}}</small>\n                        </label>\n                        <select class=\"form-select form-select--date\" name=\"EventDate[Mth]\" required>\n                            <option value=\"\">{{lang 'common.month'}}</option>\n                            {{#enumerate 1 12}}\n                                <option value=\"{{this}}\">{{getShortMonth this}}</option>\n                            {{/enumerate}}\n                        </select>\n                        <select class=\"form-select form-select--date\" name=\"EventDate[Day]\" required>\n                            <option value=\"\">{{lang 'common.day'}}</option>\n                            {{#enumerate 1 31}}\n                                <option value=\"{{this}}\">{{this}}</option>\n                            {{/enumerate}}\n                        </select>\n                        <select class=\"form-select form-select--date\" name=\"EventDate[Yr]\" required>\n                            <option value=\"\">{{lang 'common.year'}}</option>\n                            {{#enumerate product.event_date.earliest_year product.event_date.latest_year}}\n                                <option value=\"{{this}}\" >{{this}}</option>\n                            {{/enumerate}}\n                        </select>\n                    </div>\n                {{/if}}\n\n                <div class=\"form-field form-field--stock{{#unless product.stock_level}} u-hiddenVisually{{/unless}}\">\n                    <label class=\"form-label form-label--alternate\">\n                        {{lang 'products.current_stock'}}\n                        <span data-product-stock>{{product.stock_level}}</span>\n                    </label>\n\n                </div>\n                {{#if product.price}}\n                    <div class=\"productView-price\">\n                        {{> components/products/price price=product.price schema_org=schema}}\n                    </div>\n                {{/if}}\n                {{#if product.can_purchase}}\n\n                    <div class=\"form-field form-field--increments\">\n                        <label class=\"form-label form-label--alternate\"\n                               for=\"qty[]\">{{lang 'products.quantity'}}</label>\n\n                        <div class=\"form-increment\" data-quantity-change>\n                            <button class=\"button button--icon\" data-action=\"dec\">\n                                <span class=\"u-hiddenVisually\">{{lang 'products.quantity_decrease'}}</span>\n                                <i class=\"icon\" aria-hidden=\"true\">\n                                    <svg>\n                                        <use xlink:href=\"#icon-keyboard-arrow-down\"/>\n                                    </svg>\n                                </i>\n                            </button>\n                            <input class=\"form-input form-input--incrementTotal\"\n                                   id=\"qty[]\"\n                                   name=\"qty[]\"\n                                   type=\"tel\"\n                                   value=\"{{#if product.min_purchase_quantity}}{{product.min_purchase_quantity}}{{else}}1{{/if}}\"\n                                   data-quantity-min=\"{{product.min_purchase_quantity}}\"\n                                   data-quantity-max=\"{{product.max_purchase_quantity}}\"\n                                   min=\"1\"\n                                   pattern=\"[0-9]*\"\n                                   aria-live=\"polite\">\n                            <button class=\"button button--icon\" data-action=\"inc\">\n                                <span class=\"u-hiddenVisually\">{{lang 'products.quantity_increase'}}</span>\n                                <i class=\"icon\" aria-hidden=\"true\">\n                                    <svg>\n                                        <use xlink:href=\"#icon-keyboard-arrow-up\"/>\n                                    </svg>\n                                </i>\n                            </button>\n                        </div>\n                    </div>\n\n                    <div class=\"alertBox productAttributes-message\" style=\"display:none\">\n                        <div class=\"alertBox-column alertBox-icon\">\n                            <icon glyph=\"ic-success\" class=\"icon\" aria-hidden=\"true\"><svg xmlns=\"http://www.w3.org/2000/svg\" width=\"24\" height=\"24\" viewBox=\"0 0 24 24\"><path d=\"M12 2C6.48 2 2 6.48 2 12s4.48 10 10 10 10-4.48 10-10S17.52 2 12 2zm1 15h-2v-2h2v2zm0-4h-2V7h2v6z\"></path></svg></icon>\n                        </div>\n                        <p class=\"alertBox-column alertBox-message\"></p>\n                    </div>\n\n                    <div class=\"form-action\">\n                        {{!--<input id=\"form-action-addToCart\" data-wait-message=\"{{lang 'products.adding_to_cart'}}\" class=\"button button--primary\" type=\"submit\"\n                               value=\"{{#if product.pre_order}}{{lang 'products.pre_order'}}{{else}}{{lang 'products.add_to_cart'}}{{/if}}\">--}}\n                        <button d=\"form-action-addToCart\" data-wait-message=\"{{lang 'products.adding_to_cart'}}\" class=\"button button--primary\" type=\"submit\">\n                            <i class=\"fa fa-shopping-cart\" aria-hidden=\"true\"></i>{{#if product.pre_order}}{{lang 'products.pre_order'}}{{else}}{{lang 'products.add_to_cart'}}{{/if}}\n                        </button>\n                    </div>\n                    {{{snippet 'product_addtocart'}}}\n                {{/if}}\n                {{#if product.out_of_stock}}\n                    {{#if product.out_of_stock_message}}\n                        {{>components/common/alert-error product.out_of_stock_message}}\n                    {{else}}\n                        {{>components/common/alert-error (lang 'products.sold_out')}}\n                    {{/if}}\n                {{/if}}\n\n            </form>\n\n            {{#if settings.show_wishlist}}\n                <form class=\"form\" method=\"post\" action=\"{{product.add_to_wishlist_url}}\" data-wishlist-add>\n                    <div class=\"form-action\">\n                        <input type=\"hidden\" name=\"variation_id\" value=\"\">\n                        {{!--<input class=\"button\" type=\"submit\" value=\"{{lang 'account.wishlists.add_item'}}\">--}}\n                        <button class=\"button\" type=\"submit\"><i class=\"fa fa-heart-o\"></i>{{lang 'account.wishlists.add_item'}}</button>\n                    </div>\n                </form>\n            {{/if}}\n        </div>\n\n        {{>components/common/share}}\n        {{{snippet 'product_details'}}}\n    </section>\n\n    <article class=\"productView-description\"{{#if schema}} itemprop=\"description\"{{/if}}>\n        <ul class=\"tabs\" data-tab>\n            <li class=\"tab is-active\">\n                <a class=\"tab-title\" href=\"#tab-description\">{{lang 'products.description'}}</a>\n            </li>\n            {{#if product.warranty}}\n                <li class=\"tab\">\n                    <a class=\"tab-title\" href=\"#tab-warranty\">{{lang 'products.warranty'}}</a>\n                </li>\n            {{/if}}\n        </ul>\n        <div class=\"tabs-contents\">\n            <div class=\"tab-content is-active\" id=\"tab-description\">\n                {{{product.description}}}\n                {{{snippet 'product_description'}}}\n            </div>\n           {{#if product.warranty}}\n               <div class=\"tab-content\" id=\"tab-warranty\">\n                   {{{product.warranty}}}\n               </div>\n           {{/if}}\n        </div>\n    </article>\n</div>\n\n<div id=\"previewModal\" class=\"modal modal--large\" data-reveal>\n    <a href=\"#\" class=\"modal-close\" aria-label=\"{{lang 'common.close'}}\" role=\"button\">\n        <span aria-hidden=\"true\">&#215;</span>\n    </a>\n    <div class=\"modal-content\"></div>\n    <div class=\"loadingOverlay\"></div>\n</div>\n","components/products/ratings":"{{#for 1 5}}\n    {{#if ../this.rating '>=' $index}}\n        <span class=\"icon icon--ratingFull\">\n            <svg>\n                <use xlink:href=\"#icon-star\" />\n            </svg>\n        </span>\n    {{else}}\n        <span class=\"icon icon--ratingEmpty\">\n            <svg>\n                <use xlink:href=\"#icon-star\" />\n            </svg>\n        </span>\n    {{/if}}\n{{/for}}\n{{{snippet 'product_rating'}}}\n"}
