[{"name":"Global","settings":[{"type":"color","label":"Primary color","id":"color-primary"},{"type":"color","label":"Page background color","id":"body-bg"},{"type":"color","label":"Common light border","id":"container-border-global-color-base"},{"type":"color","label":"Common dark border","id":"container-border-global-color-dark"},{"type":"color","label":"Common light background","id":"container-fill-base"},{"type":"color","label":"Common dark background","id":"container-fill-dark"},{"type":"heading","content":"Loading indicators"},{"type":"color","label":"Pace bar color","id":"pace-progress-backgroundColor"},{"type":"color","label":"Spinner light half","id":"spinner-borderColor-light"},{"type":"color","label":"Spinner dark half","id":"spinner-borderColor-dark"},{"type":"heading","content":"Overlays"},{"type":"color","label":"Modal overlay background color","id":"overlay-backgroundColor"},{"type":"color","label":"Loading overlay background color","id":"loadingOverlay-backgroundColor"}]},{"name":"Typography & Icons","settings":[{"type":"heading","content":"Logo"},{"type":"font","label":"Font family","id":"logo-font","options":[{"group":"Lato","label":"Lato","value":"Google_Lato_400"},{"group":"Lato","label":"Lato Light","value":"Google_Lato_300"},{"group":"Lato","label":"Lato Bold","value":"Google_Lato_400"},{"group":"Oswald","label":"Oswald","value":"Google_Oswald_400"},{"group":"Oswald","label":"Oswald Light","value":"Google_Oswald_300"},{"group":"Oswald","label":"Oswald Bold","value":"Google_Oswald_700"},{"group":"Playfair Display","label":"Playfair Display","value":"Google_Playfair+Display_400"},{"group":"Playfair Display","label":"Playfair Display Light","value":"Google_Playfair+Display_300"},{"group":"Playfair Display","label":"Playfair Display Bold","value":"Google_Playfair+Display_700"}]},{"type":"heading","content":"Body text"},{"type":"font","label":"Font family","id":"body-font","options":[{"group":"Lato","label":"Lato","value":"Google_Lato_400"},{"group":"Lato","label":"Lato Light","value":"Google_Lato_300"},{"group":"Lato","label":"Lato Bold","value":"Google_Lato_400"},{"group":"Oswald","label":"Oswald","value":"Google_Oswald_400"},{"group":"Oswald","label":"Oswald Light","value":"Google_Oswald_300"},{"group":"Oswald","label":"Oswald Bold","value":"Google_Oswald_700"},{"group":"Playfair Display","label":"Playfair Display","value":"Google_Playfair+Display_400"},{"group":"Playfair Display","label":"Playfair Display Light","value":"Google_Playfair+Display_300"},{"group":"Playfair Display","label":"Playfair Display Bold","value":"Google_Playfair+Display_700"}]},{"type":"select","label":"Font size","id":"fontSize-root","options":[{"value":12,"label":"12px"},{"value":13,"label":"13px"},{"value":14,"label":"14px"},{"value":16,"label":"16px"},{"value":18,"label":"18px"}]},{"type":"heading","content":"Navigation"},{"type":"heading","content":"Headings"},{"type":"font","label":"Font family","id":"headings-font","options":[{"group":"Lato","label":"Lato","value":"Google_Lato_400"},{"group":"Lato","label":"Lato Light","value":"Google_Lato_300"},{"group":"Lato","label":"Lato Bold","value":"Google_Lato_400"},{"group":"Oswald","label":"Oswald","value":"Google_Oswald_400"},{"group":"Oswald","label":"Oswald Light","value":"Google_Oswald_300"},{"group":"Oswald","label":"Oswald Bold","value":"Google_Oswald_700"},{"group":"Playfair Display","label":"Playfair Display","value":"Google_Playfair+Display_400"},{"group":"Playfair Display","label":"Playfair Display Light","value":"Google_Playfair+Display_300"},{"group":"Playfair Display","label":"Playfair Display Bold","value":"Google_Playfair+Display_700"}]},{"type":"select","label":"Font size <h1>","id":"fontSize-h1","options":[{"value":24,"label":"24px"},{"value":26,"label":"26px"},{"value":28,"label":"28px"},{"value":32,"label":"32px"},{"value":36,"label":"36px"}]},{"type":"select","label":"Font size <h2>","id":"fontSize-h2","options":[{"value":21,"label":"21px"},{"value":23,"label":"23px"},{"value":25,"label":"25px"},{"value":29,"label":"29px"},{"value":33,"label":"33px"}]},{"type":"select","label":"Font size <h3>","id":"fontSize-h3","options":[{"value":18,"label":"18px"},{"value":20,"label":"20px"},{"value":22,"label":"22px"},{"value":26,"label":"26px"},{"value":30,"label":"30px"}]},{"type":"select","label":"Font size <h4>","id":"fontSize-h4","options":[{"value":16,"label":"16px"},{"value":18,"label":"18px"},{"value":20,"label":"20px"},{"value":24,"label":"24px"},{"value":28,"label":"28px"}]},{"type":"select","label":"Font size <h5>","id":"fontSize-h5","options":[{"value":11,"label":"11px"},{"value":13,"label":"13px"},{"value":15,"label":"15px"},{"value":19,"label":"19px"},{"value":23,"label":"23px"}]},{"type":"select","label":"Font size <h6>","id":"fontSize-h6","options":[{"value":9,"label":"9px"},{"value":11,"label":"11px"},{"value":13,"label":"13px"},{"value":17,"label":"17px"},{"value":21,"label":"21px"}]},{"type":"heading","content":"Text colors"},{"type":"color","label":"Text color","id":"color-textBase"},{"type":"color","label":"Text hover color","id":"color-textBase--hover"},{"type":"color","label":"Secondary text color","id":"color-textSecondary"},{"type":"color","label":"Secondary text hover color","id":"color-textSecondary--hover"},{"type":"color","label":"Headings text color","id":"color-textHeading"},{"type":"heading","content":"Link colors"},{"type":"color","label":"Link color","id":"color-textLink"},{"type":"color","label":"Link hover color","id":"color-textLink--hover"},{"type":"color","label":"Link active color","id":"color-textLink--active"},{"type":"heading","content":"Icon colors"},{"type":"color","label":"Icon color","id":"icon-color"},{"type":"color","label":"Icon hover color","id":"icon-color-hover"},{"type":"color","label":"Rating empty icon color","id":"icon-ratingEmpty"},{"type":"color","label":"Rating full icon color","id":"icon-ratingFull"},{"type":"color","label":"Button icon color","id":"button--icon-svg-color"}]},{"name":"Buttons","settings":[{"type":"heading","content":"Primary button"},{"type":"color","label":"Text color","id":"button--primary-color"},{"type":"color","label":"Text hover color","id":"button--primary-colorHover"},{"type":"color","label":"Text active color","id":"button--primary-colorActive"},{"type":"color","label":"Background color","id":"button--primary-backgroundColor"},{"type":"color","label":"Background hover color","id":"button--primary-backgroundColorHover"},{"type":"color","label":"Background active color","id":"button--primary-backgroundColorActive"},{"type":"heading","content":"Default button"},{"type":"color","label":"Text color","id":"button--default-color"},{"type":"color","label":"Text hover color","id":"button--default-colorHover"},{"type":"color","label":"Text active color","id":"button--default-colorActive"},{"type":"color","label":"Border color","id":"button--default-borderColor"},{"type":"color","label":"Border hover color","id":"button--default-borderColorHover"},{"type":"color","label":"Border active color","id":"button--default-borderColorActive"},{"type":"heading","content":"Disabled button"},{"type":"color","label":"Text color","id":"button--disabled-color"},{"type":"color","label":"Background color","id":"button--disabled-backgroundColor"},{"type":"color","label":"Border color","id":"button--disabled-borderColor"}]},{"name":"Forms","settings":[{"type":"heading","content":"Labels"},{"type":"color","label":"Text color","id":"form-label-font-color"},{"type":"heading","content":"Input fields"},{"type":"color","label":"Text color","id":"input-font-color"},{"type":"color","label":"Background color","id":"input-bg-color"},{"type":"color","label":"Border color","id":"input-border-color"},{"type":"color","label":"Border active color","id":"input-border-color-active"},{"type":"color","label":"Disabled background color","id":"input-disabled-bg"},{"type":"heading","content":"Select boxes"},{"type":"color","label":"Background color","id":"select-bg-color"},{"type":"color","label":"Arrow icon color","id":"select-arrow-color"},{"type":"heading","content":"Checkbox & Radio button"},{"type":"color","label":"Icon color","id":"checkRadio-color"},{"type":"color","label":"Background color","id":"checkRadio-backgroundColor"},{"type":"color","label":"Border color","id":"checkRadio-borderColor"}]},{"name":"Header","settings":[{"type":"color","label":"Store name text color","id":"storeName-color"},{"type":"color","label":"Background color","id":"header-backgroundColor"},{"type":"color","label":"Text color","id":"navUser-color"},{"type":"color","label":"Text hover color","id":"navUser-color-hover"},{"type":"color","label":"Dropdown background color","id":"navUser-dropdown-backgroundColor"},{"type":"color","label":"Dropdown border color","id":"navUser-dropdown-borderColor"},{"type":"color","label":"Cart counter background color","id":"navUser-indicator-backgroundColor"},{"type":"heading","content":"Page navigation"},{"type":"font","label":"Font family","id":"navigation-font","options":[{"group":"Lato","label":"Lato","value":"Google_Lato_400"},{"group":"Lato","label":"Lato Light","value":"Google_Lato_300"},{"group":"Lato","label":"Lato Bold","value":"Google_Lato_700"},{"group":"Oswald","label":"Oswald","value":"Google_Oswald_400"},{"group":"Oswald","label":"Oswald Light","value":"Google_Oswald_300"},{"group":"Oswald","label":"Oswald Bold","value":"Google_Oswald_700"},{"group":"Playfair Display","label":"Playfair Display","value":"Google_Playfair+Display_400"},{"group":"Playfair Display","label":"Playfair Display Light","value":"Google_Playfair+Display_300"},{"group":"Playfair Display","label":"Playfair Display Bold","value":"Google_Playfair+Display_700"}]},{"type":"select","label":"Font size","id":"fontSize-navigation","options":[{"value":12,"label":"12px"},{"value":13,"label":"13px"},{"value":14,"label":"14px"},{"value":16,"label":"16px"},{"value":18,"label":"18px"}]},{"type":"color","label":"Text color","id":"navPages-color"},{"type":"color","label":"Text hover color","id":"navPages-color-hover"},{"type":"color","label":"Dropdown background color","id":"navPages-subMenu-backgroundColor"},{"type":"color","label":"Dropdown border color","id":"navPages-subMenu-separatorColor"},{"type":"heading","content":"Quick search"},{"type":"color","label":"Background color","id":"dropdown--quickSearch-backgroundColor"}]},{"name":"Logo","settings":[{"type":"imageDimension","label":"Logo size","id":"logo_size","description":"Please specify a maximum image size for desktop display. We'll automatically scale down the image for smaller devices.","force_reload":true,"options":[{"value":"original","label":"Original (as uploaded)"},{"value":"250x100","label":"Optimized for theme"},{"value":"custom","label":"Specify dimensions"}]},{"type":"select","label":"Logo position","id":"logo-position","force_reload":true,"options":[{"value":"right","label":"Right"},{"value":"center","label":"Center"},{"value":"left","label":"Left"}]}]},{"name":"Slideshow","settings":[{"type":"heading","content":"Heading slide"},{"type":"font","label":"Font family","id":"heading-slide-font","options":[{"group":"Lato","label":"Lato","value":"Google_Lato_400"},{"group":"Lato","label":"Lato Light","value":"Google_Lato_300"},{"group":"Lato","label":"Lato Bold","value":"Google_Lato_700"},{"group":"Oswald","label":"Oswald","value":"Google_Oswald_400"},{"group":"Oswald","label":"Oswald Light","value":"Google_Oswald_300"},{"group":"Oswald","label":"Oswald Bold","value":"Google_Oswald_700"},{"group":"Playfair Display","label":"Playfair Display","value":"Google_Playfair+Display_400"},{"group":"Playfair Display","label":"Playfair Display Light","value":"Google_Playfair+Display_300"},{"group":"Playfair Display","label":"Playfair Display Bold","value":"Google_Playfair+Display_700"}]},{"type":"select","label":"Font size","id":"fontSize-heading-slide","options":[{"value":30,"label":"30px"},{"value":35,"label":"35px"},{"value":40,"label":"40px"},{"value":45,"label":"45px"},{"value":50,"label":"50px"}]},{"type":"color","label":"Text color","id":"heading-slide-color"},{"type":"heading","content":"Description slide"},{"type":"font","label":"Font family","id":"description-slide-font","options":[{"group":"Lato","label":"Lato","value":"Google_Lato_400"},{"group":"Lato","label":"Lato Light","value":"Google_Lato_300"},{"group":"Lato","label":"Lato Bold","value":"Google_Lato_700"},{"group":"Oswald","label":"Oswald","value":"Google_Oswald_400"},{"group":"Oswald","label":"Oswald Light","value":"Google_Oswald_300"},{"group":"Oswald","label":"Oswald Bold","value":"Google_Oswald_700"},{"group":"Playfair Display","label":"Playfair Display","value":"Google_Playfair+Display_400"},{"group":"Playfair Display","label":"Playfair Display Light","value":"Google_Playfair+Display_300"},{"group":"Playfair Display","label":"Playfair Display Bold","value":"Google_Playfair+Display_700"}]},{"type":"select","label":"Font size","id":"fontSize-description-slide","options":[{"value":30,"label":"30px"},{"value":35,"label":"35px"},{"value":40,"label":"40px"},{"value":45,"label":"45px"},{"value":50,"label":"50px"}]},{"type":"color","label":"Text color","id":"description-slide-color"},{"type":"heading","content":"Button slide"},{"type":"font","label":"Font family","id":"button-slide-font","options":[{"group":"Lato","label":"Lato","value":"Google_Lato_400"},{"group":"Lato","label":"Lato Light","value":"Google_Lato_300"},{"group":"Lato","label":"Lato Bold","value":"Google_Lato_700"},{"group":"Oswald","label":"Oswald","value":"Google_Oswald_400"},{"group":"Oswald","label":"Oswald Light","value":"Google_Oswald_300"},{"group":"Oswald","label":"Oswald Bold","value":"Google_Oswald_700"},{"group":"Playfair Display","label":"Playfair Display","value":"Google_Playfair+Display_400"},{"group":"Playfair Display","label":"Playfair Display Light","value":"Google_Playfair+Display_300"},{"group":"Playfair Display","label":"Playfair Display Bold","value":"Google_Playfair+Display_700"}]},{"type":"select","label":"Font size","id":"fontSize-button-slide","options":[{"value":13,"label":"13px"},{"value":14,"label":"14px"},{"value":15,"label":"15px"},{"value":16,"label":"16px"},{"value":17,"label":"17px"}]},{"type":"color","label":"Text color","id":"button-slide-color"},{"type":"color","label":"Text color hover","id":"button-slide-color-hover"},{"type":"color","label":"Background color","id":"bg-button-slide-color"},{"type":"color","label":"Background color hover","id":"bg-button-slide-color-hover"},{"type":"heading","content":"Other configs"},{"type":"color","label":"Indicator color","id":"carousel-dot-color"},{"type":"color","label":"Indicator active color","id":"carousel-dot-color-active"},{"type":"color","label":"Indicator background color","id":"carousel-dot-bgColor"},{"type":"color","label":"Arrow color","id":"carousel-arrow-color"},{"type":"color","label":"Arrow color hover","id":"carousel-arrow-color-hover"}]},{"name":"Payment Icons","settings":[{"type":"checkbox","label":"American Express","force_reload":true,"id":"show_accept_amex"},{"type":"checkbox","label":"Discover","force_reload":true,"id":"show_accept_discover"},{"type":"checkbox","label":"Mastercard","force_reload":true,"id":"show_accept_mastercard"},{"type":"checkbox","label":"Paypal","force_reload":true,"id":"show_accept_paypal"},{"type":"checkbox","label":"Visa","force_reload":true,"id":"show_accept_visa"}]},{"name":"Products","settings":[{"type":"heading","content":"Home page"},{"type":"select","label":"Number of Featured Products","id":"homepage_featured_products_count","force_reload":true,"options":[{"value":0,"label":"Disable"},{"value":1,"label":"1"},{"value":2,"label":"2"},{"value":3,"label":"3"},{"value":4,"label":"4"},{"value":5,"label":"5"},{"value":6,"label":"6"},{"value":7,"label":"7"},{"value":8,"label":"8"},{"value":9,"label":"9"},{"value":10,"label":"10"},{"value":11,"label":"11"},{"value":12,"label":"12"}]},{"type":"select","label":"Number of Most Popular Products","id":"homepage_top_products_count","force_reload":true,"options":[{"value":0,"label":"Disable"},{"value":1,"label":"1"},{"value":2,"label":"2"},{"value":3,"label":"3"},{"value":4,"label":"4"},{"value":5,"label":"5"},{"value":6,"label":"6"},{"value":7,"label":"7"},{"value":8,"label":"8"},{"value":9,"label":"9"},{"value":10,"label":"10"},{"value":11,"label":"11"},{"value":12,"label":"12"}]},{"type":"select","label":"Number of New Products","id":"homepage_new_products_count","force_reload":true,"options":[{"value":0,"label":"Disable"},{"value":1,"label":"1"},{"value":2,"label":"2"},{"value":3,"label":"3"},{"value":4,"label":"4"},{"value":5,"label":"5"},{"value":6,"label":"6"},{"value":7,"label":"7"},{"value":8,"label":"8"},{"value":9,"label":"9"},{"value":10,"label":"10"},{"value":11,"label":"11"},{"value":12,"label":"12"}]},{"type":"heading","content":"Product page"},{"type":"select","label":"Number of Product Reviews","id":"productpage_reviews_count","force_reload":true,"options":[{"value":0,"label":"Disable"},{"value":1,"label":"1"},{"value":2,"label":"2"},{"value":3,"label":"3"},{"value":4,"label":"4"},{"value":5,"label":"5"},{"value":6,"label":"6"},{"value":7,"label":"7"},{"value":8,"label":"8"},{"value":9,"label":"9"},{"value":10,"label":"10"},{"value":11,"label":"11"},{"value":12,"label":"12"}]},{"type":"select","label":"Number of Related Products","id":"productpage_related_products_count","force_reload":true,"options":[{"value":0,"label":"Disable"},{"value":1,"label":"1"},{"value":2,"label":"2"},{"value":3,"label":"3"},{"value":4,"label":"4"},{"value":5,"label":"5"},{"value":6,"label":"6"},{"value":7,"label":"7"},{"value":8,"label":"8"},{"value":9,"label":"9"},{"value":10,"label":"10"},{"value":11,"label":"11"},{"value":12,"label":"12"}]},{"type":"select","label":"Number of Customers Also Viewed Products","id":"productpage_similar_by_views_count","force_reload":true,"options":[{"value":0,"label":"Disable"},{"value":1,"label":"1"},{"value":2,"label":"2"},{"value":3,"label":"3"},{"value":4,"label":"4"},{"value":5,"label":"5"},{"value":6,"label":"6"},{"value":7,"label":"7"},{"value":8,"label":"8"},{"value":9,"label":"9"},{"value":10,"label":"10"},{"value":11,"label":"11"},{"value":12,"label":"12"}]},{"type":"heading","content":"Category pages"},{"type":"select","label":"Number of products per page","id":"categorypage_products_per_page","force_reload":true,"options":[{"value":0,"label":"Disable"},{"value":6,"label":"6"},{"value":8,"label":"8"},{"value":9,"label":"9"},{"value":12,"label":"12"},{"value":15,"label":"15"},{"value":16,"label":"16"},{"value":18,"label":"18"},{"value":20,"label":"20"}]},{"type":"heading","content":"Brand pages"},{"type":"select","label":"Number of products per page","id":"brandpage_products_per_page","force_reload":true,"options":[{"value":0,"label":"Disable"},{"value":6,"label":"6"},{"value":8,"label":"8"},{"value":9,"label":"9"},{"value":12,"label":"12"},{"value":15,"label":"15"},{"value":16,"label":"16"},{"value":18,"label":"18"},{"value":20,"label":"20"}]},{"type":"heading","content":"Search results"},{"type":"select","label":"Number of products per page","id":"searchpage_products_per_page","force_reload":true,"options":[{"value":0,"label":"Disable"},{"value":6,"label":"6"},{"value":8,"label":"8"},{"value":9,"label":"9"},{"value":12,"label":"12"},{"value":15,"label":"15"},{"value":16,"label":"16"},{"value":18,"label":"18"},{"value":20,"label":"20"}]},{"type":"heading","content":"Product cards"},{"type":"color","label":"Product title color","id":"card-title-color"},{"type":"color","label":"Product title hover color","id":"card-title-color-hover"},{"type":"color","label":"Button text color","id":"card-figcaption-button-color"},{"type":"color","label":"Button background color","id":"card-figcaption-button-background"},{"type":"heading","content":"Product cards (Quick search)"},{"type":"color","label":"Background color","id":"card--alternate-backgroundColor"},{"type":"color","label":"Border color","id":"card--alternate-borderColor"},{"type":"color","label":"Text hover color","id":"card--alternate-color--hover"},{"type":"heading","content":"Image sizes"},{"type":"paragraph","content":"Please specify a maximum image size for desktop display. We'll automatically scale down the image for smaller devices."},{"type":"imageDimension","label":"Main product images","id":"product_size","force_reload":true,"options":[{"value":"500x659","label":"Optimized for theme"},{"value":"custom","label":"Specify dimensions"}]},{"type":"imageDimension","label":"Thumbnail image","id":"productthumb_size","force_reload":true,"options":[{"value":"100x100","label":"Optimized for theme"},{"value":"custom","label":"Specify dimensions"}]},{"type":"imageDimension","label":"Zoomed image","id":"zoom_size","force_reload":true,"options":[{"value":"1280x1280","label":"Optimized for theme"},{"value":"custom","label":"Specify dimensions"}]},{"type":"imageDimension","label":"Image in gallery view","id":"productgallery_size","force_reload":true,"options":[{"value":"500x659","label":"Optimized for theme"},{"value":"custom","label":"Specify dimensions"}]},{"type":"imageDimension","label":"Brand image in gallery view","id":"brand_size","force_reload":true,"options":[{"value":"190x250","label":"Optimized for theme"},{"value":"custom","label":"Specify dimensions"}]}]},{"name":"Blog","settings":[{"type":"imageDimension","label":"Blog image size","id":"blog_size","force_reload":true,"options":[{"value":"190x250","label":"Optimized for theme"},{"value":"custom","label":"Specify dimensions"}]}]},{"name":"Footer","settings":[{"type":"color","label":"Background color","id":"footer-backgroundColor"},{"type":"checkbox","label":"Show Powered By","force_reload":true,"id":"show_powered_by"}]}]