{"components/cart/item-options":" <form method=\"post\" action=\"{{urls.cart}}\" enctype=\"multipart/form-data\">\n    <input type=\"hidden\" name=\"item_id\" value=\"{{item.id}}\">\n    <p>\n        {{#each product.customizations}}\n            <div>{{{dynamicComponent 'components/products/customizations'}}}</div>\n        {{/each}}\n    </p>\n    <p> Options\n        {{#each product.options}}\n            <div>{{{dynamicComponent 'components/products/options'}}}</div>\n        {{/each}}\n    </p>\n    <input type=\"submit\" class=\"btn btn-success\" value=\"Save\">\n</form>\n","components/products/customizations/checkbox":"<div class=\"form-field\">\n    <input class=\"form-checkbox\" type=\"checkbox\" id=\"customization_{{this.id}}_{{../id}}\" {{#if required}}required {{/if}}name=\"ProductFields[{{this.id}}]\" {{#if value}}checked{{/if}}>\n    <label class=\"form-label form-label--alternate form-label--inlineSmall\" for=\"customization_{{this.id}}_{{../id}}\">\n        {{ this.display_name }}\n        {{#if required}}\n            <small>{{lang 'common.required'}}</small>\n        {{/if}}\n    </label>\n</div>\n","components/products/customizations/select":"<div class=\"form-field\">\n    <label class=\"form-label form-label--alternate form-label--inlineSmall\" for=\"customization_{{id}}_{{../id}}\">\n        {{ display_name }}:\n        {{#if required}}\n            <small>{{lang 'common.required'}}</small>\n        {{/if}}\n    </label>\n    <select class=\"form-select form-select--small\" name=\"ProductFields[{{id}}]\" id=\"customization_{{id}}_{{../id}}\"{{#if required}} required{{/if}}>\n        <option value=\"\">{{lang 'products.choose_an_option'}}</option>\n        {{#each values}}\n            <option value=\"{{this}}\" {{#if ../value '===' this}}selected{{/if}}>{{this}}</option>\n        {{/each}}\n    </select>\n</div>\n","components/products/customizations/file":"<div class=\"form-field\">\n    <label class=\"form-label form-label--alternate form-label--inlineSmall\" for=\"customization_{{this.id}}_{{../id}}\">\n        {{ this.display_name }}:\n        {{#if required}}\n            <small>{{lang 'common.required'}}</small>\n        {{/if}}\n    </label>\n    <input class=\"form-file\" type=\"file\" id=\"customization_{{this.id}}_{{../id}}\" {{#if required}}required {{/if}}name=\"ProductFields[{{this.id}}]\">\n    {{#if original_name}}\n        {{{lang 'products.file_option_set' url=file_url name=original_name}}}\n    {{/if}}\n    <p class=\"form-fileDescription\">{{#if file_size}}{{lang 'products.max_filesize'}} <strong>{{file_size}}</strong>, {{/if}}{{#if file_types}}{{lang 'products.filetypes'}} <strong>{{file_types}}</strong>{{/if}}</p>\n</div>\n","components/products/customizations/text":"<div class=\"form-field\">\n    <label class=\"form-label form-label--alternate form-label--inlineSmall\" for=\"customization_{{id}}_{{../id}}\">\n        {{ display_name }}:\n       {{#if required}}<small>*</small>{{/if}}\n    </label>\n    <input class=\"form-input form-input--small\" type=\"text\" id=\"customization_{{id}}_{{../id}}\" {{#if required}}required {{/if}}name=\"ProductFields[{{id}}]\" value=\"{{value}}\">\n</div>\n","components/products/customizations/textarea":"<div class=\"form-field\">\n    <label class=\"form-label form-label--alternate form-label--inlineSmall\" for=\"customization_{{id}}_{{../id}}\">\n        {{display_name}}:\n        {{#if required}}\n            <small>{{lang 'common.required'}}</small>\n        {{/if}}\n    </label>\n    <textarea class=\"form-input\" id=\"customization_{{id}}_{{../id}}\" {{#if required}}required {{/if}}name=\"ProductFields[{{id}}]\">{{value}}</textarea>\n</div>\n","components/products/options/date":"<div class=\"form-field\">\n   <span class=\"span-title\">\n        {{this.display_name}}:\n        <span data-option-value></span>\n   </span>\n    <select class=\"form-select form-select--date\" name=\"attribute[{{this.id}}][month]\" {{#if required}}required{{/if}}>\n        <option value=\"\">{{lang 'common.month'}}</option>\n        {{#for 1 12}}\n            <option value=\"{{$index}}\" {{#if ../selected_date.month '==' $index}}selected=\"selected\"{{/if}}>\n                {{lang (concat 'common.short_months.' $index)}}\n            </option>\n        {{/for}}\n    </select>\n    <select class=\"form-select form-select--date\" name=\"attribute[{{this.id}}][day]\" {{#if required}}required{{/if}}>\n        <option value=\"\">{{lang 'common.day'}}</option>\n        {{#for 1 31}}\n            <option value=\"{{$index}}\" {{#if ../selected_date.day '==' $index}}selected=\"selected\"{{/if}}>\n                {{$index}}\n            </option>\n        {{/for}}\n    </select>\n    <select class=\"form-select form-select--date\" name=\"attribute[{{this.id}}][year]\" {{#if required}}required{{/if}}>\n        <option value=\"\">{{lang 'common.year'}}</option>\n        {{#for earliest_year latest_year}}\n            <option value=\"{{$index}}\" {{#if ../selected_date.year '==' $index}}selected=\"selected\"{{/if}}>\n                {{$index}}\n            </option>\n        {{/for}}\n    </select>\n</div>\n","components/products/options/input-checkbox":"<div class=\"form-field\">\n   <span class=\"span-title\">\n        {{this.display_name}}:\n        <span data-option-value></span>\n   </span>\n\n    <input \n        class=\"form-checkbox\"\n        type=\"checkbox\"\n        name=\"attribute[{{id}}]\"\n        id=\"attribute-{{id}}\"\n        value=\"{{value}}\"\n        {{#if checked}}checked{{/if}}\n        {{#if required}}required{{/if}}>\n\n    <label class=\"form-label {{class}}\" for=\"attribute-{{id}}\">{{label}}</label>\n</div>\n","components/products/options/input-file":"<div class=\"form-field\">\n   <span class=\"span-title\">\n        {{this.display_name}}:\n        <span data-option-value></span>\n   </span>\n\n    <input class=\"form-file\" type=\"file\" id=\"attribute_{{this.id}}_{{../id}}\" name=\"attribute[{{this.id}}]\" {{#if required}}required{{/if}}>\n    {{#if original_name}}\n        {{{lang 'products.file_option_set' url=file_url name=original_name}}}\n        <label>{{lang 'cart.remove_file'}}<input type=\"checkbox\" name=\"{{file_remove}}\"></label>\n    {{/if}}\n    <p class=\"form-fileDescription\">{{#if file_size}}{{lang 'products.max_filesize'}} <strong>{{file_size}}</strong>, {{/if}}{{#if file_types}}{{lang 'products.filetypes'}} <strong>{{file_types}}</strong>{{/if}}</p>\n\n</div>\n","components/products/options/input-numbers":"<div class=\"form-field\">\n   <span class=\"span-title\">\n        {{this.display_name}}:\n        <span data-option-value></span>\n   </span>\n\n    <input class=\"form-input\" type=\"number\" id=\"attribute_{{this.id}}_{{../id}}\" name=\"attribute[{{this.id}}]\" value=\"{{this.prefill}}\" {{#if required}}required{{/if}}>\n</div>\n","components/products/options/product-list":"<div class=\"form-field\">\n   <span class=\"span-title\">\n        {{this.display_name}}:\n        <span data-option-value></span>\n   </span>\n\n    {{#if values.0.image}}\n        <ul class=\"productOptions-list\">\n            {{#unless required}}\n                <li class=\"productOptions-list-item\">\n                    <input class=\"form-radio\"\n                           type=\"radio\"\n                           name=\"attribute[{{id}}]\"\n                           value=\"0\"\n                           id=\"attribute_0_{{id}}\"\n                           {{#if defaultValue '==' 0}}checked{{/if}} required>\n                    <label class=\"form-label\" for=\"attribute_0_{{id}}\">{{lang 'products.none'}}</label>\n                </li>\n            {{/unless}}\n            {{#each values}}\n                <li class=\"productOptions-list-item\">\n                    {{#if image}}\n                        <figure class=\"productOptions-list-item-figure\">\n                            <img class=\"productOptions-list-item-image\" src=\"{{getImage image 'thumb'}}\" alt=\"{{image.alt}}\">\n                        </figure>\n                    {{/if}}\n                    <div class=\"productOptions-list-item-content\">\n                        <input\n                            class=\"form-radio\"\n                            type=\"radio\"\n                            name=\"attribute[{{../id}}]\"\n                            value=\"{{id}}\"\n                            id=\"attribute_{{id}}_{{../id}}\"\n                            {{#if selected}}checked{{/if}}\n                            {{#if ../required}}required{{/if}}>\n                        <label class=\"form-label\" for=\"attribute_{{id}}_{{../id}}\">{{label}}</label>\n                    </div>\n                </li>\n            {{/each}}\n        </ul>\n    {{else}}\n        <input class=\"form-radio\"\n               type=\"radio\"\n               name=\"attribute[{{id}}]\"\n               value=\"0\"\n               id=\"attribute_0_{{id}}\"\n               {{#if defaultValue '==' 0}}checked{{/if}}\n               {{#if required}}required{{/if}}>\n        <label class=\"form-label\" for=\"attribute_0_{{id}}\">{{lang 'products.none'}}</label>\n        {{#each values}}\n            <input\n                class=\"form-radio\"\n                type=\"radio\"\n                name=\"attribute[{{../id}}]\"\n                value=\"{{id}}\"\n                id=\"attribute_{{id}}_{{../id}}\"\n                {{#if selected}}checked{{/if}}\n                {{#if ../required}}required{{/if}}>\n            <label class=\"form-label\" for=\"attribute_{{id}}_{{../id}}\">{{label}}</label>\n        {{/each}}\n    {{/if}}\n</div>\n","components/products/options/input-text":"<div class=\"form-field\">\n   <span class=\"span-title\">\n        {{this.display_name}}:\n        <span data-option-value></span>\n   </span>\n\n    <input class=\"form-input form-input--small\" type=\"text\" id=\"attribute_{{this.id}}_{{../id}}\" name=\"attribute[{{this.id}}]\" value=\"{{this.prefill}}\" {{#if required}}placeholder=\"*\"{{/if}}>\n</div>\n","components/products/options/set-radio":"<div class=\"form-field\">\n   <span class=\"span-title\">\n        {{this.display_name}}:\n        <span data-option-value></span>\n   </span>\n\n    {{#each this.values}}\n    <input class=\"form-radio\" type=\"radio\" id=\"attribute_{{id}}_{{../id}}\" name=\"attribute[{{../id}}]\" value=\"{{id}}\" {{#if selected}}checked{{/if}} {{#if ../required}}required{{/if}}>\n    <label class=\"form-label\" for=\"attribute_{{id}}_{{../id}}\">{{this.label}}</label>\n    {{/each}}\n</div>\n","components/products/options/set-rectangle":"<div class=\"form-field\">\n   <span class=\"span-title\">\n        {{this.display_name}}:\n        <span data-option-value></span>\n   </span>\n    {{#each this.values}}\n    <input class=\"form-radio\" type=\"radio\" id=\"attribute_{{id}}_{{../id}}\" name=\"attribute[{{../id}}]\" value=\"{{id}}\" {{#if selected}}checked{{/if}} {{#if ../required}}required{{/if}}>\n    <label class=\"form-option\" for=\"attribute_{{id}}_{{../id}}\">\n        <div class=\"form-option-variant\">{{this.label}}</div>\n    </label>\n    {{/each}}\n</div>\n","components/products/options/set-select":"<div class=\"form-field\">\n  <span class=\"span-title\">\n       {{this.display_name}}:\n       <span data-option-value></span>\n  </span>\n\n    <select class=\"form-select form-select--small\" name=\"attribute[{{this.id}}]\" id=\"attribute_{{this.id}}_{{../id}}\" {{#if required}}required{{/if}}>\n        {{#each this.values}}\n        <option value=\"{{id}}\" {{#if selected}}selected{{/if}}>{{label}}</option>\n        {{/each}}\n    </select>\n</div>\n","components/products/options/swatch":"<div class=\"form-field\">\n   <span class=\"span-title\">\n        {{this.display_name}}:\n        <span data-option-value></span>\n   </span>\n    {{#each this.values}}\n    <input class=\"form-input form-radio\" type=\"radio\" name=\"attribute[{{../id}}]\" value=\"{{id}}\" id=\"attribute_{{this.id}}_{{../id}}\" {{#if selected}}checked{{/if}} {{#if ../required}}required{{/if}}>\n    <label class=\"form-option\" for=\"attribute_{{this.id}}_{{../id}}\">\n    {{#if pattern}}\n        <span class='form-option-variant form-option-variant--pattern' title=\"{{this.label}}\" style=\"background-image: url('{{pattern}}');\"></span>\n    {{/if}}\n    {{#if data.[2]}}\n        <span class='form-option-variant form-option-variant--color' title=\"{{this.label}}\" style=\"background-color: #{{data.[0]}}\"></span>\n        <span class='form-option-variant form-option-variant--color' title=\"{{this.label}}\" style=\"background-color: #{{data.[1]}}\"></span>\n        <span class='form-option-variant form-option-variant--color' title=\"{{this.label}}\" style=\"background-color: #{{data.[2]}}\"></span>\n    {{else}}\n        {{#if data.[1]}}\n            <span class='form-option-variant form-option-variant--color' title=\"{{this.label}}\" style=\"background-color: #{{data.[0]}}\"></span>\n            <span class='form-option-variant form-option-variant--color' title=\"{{this.label}}\" style=\"background-color: #{{data.[1]}}\"></span>\n        {{else}}\n            {{#if data.[0]}}\n                <span class='form-option-variant form-option-variant--color' title=\"{{this.label}}\" style=\"background-color: #{{data.[0]}}\"></span>\n            {{/if}}\n        {{/if}}\n    {{/if}}\n    </label>\n    {{/each}}\n</div>\n","components/products/options/textarea":"<div class=\"form-field\">\n   <span class=\"span-title\">\n        {{this.display_name}}:\n        <span data-option-value></span>\n   </span>\n\n    <textarea class=\"form-input\" id=\"attribute_{{id}}_{{../id}}\" name=\"attribute[{{id}}]\" {{#if required}}placeholder=\"*\"{{/if}}>\n        {{prefill}}\n    </textarea>\n</div>\n"}