{"components/common/customer-words":"<div class=\"customer-words\">\r\n\t<div class=\"wrapper\">\r\n\t\t<div class=\"container\">\r\n\t\t\t<h4 class=\"block-heading\">What Our Customers Say</h4>\r\n\t\t\t<ul data-slick='{\r\n\t\t        \"dots\": true,\r\n\t\t        \"infinite\": true,\r\n\t\t        \"mobileFirst\": true,\r\n\t\t        \"slidesToShow\": 1,\r\n\t\t        \"slidesToScroll\": 1,\r\n\t\t        \"adaptiveHeight\": true,\r\n\t\t        \"autoplay\": false,\r\n\t\t        \"autoplaySpeed\": 5000,\r\n\t\t        \"responsive\": [\r\n\t\t            {\r\n\t\t                \"breakpoint\": 1230,\r\n\t\t                \"settings\": {\r\n\t\t                    \"slidesToScroll\": 1,\r\n\t\t                    \"slidesToShow\": 1\r\n\t\t                }\r\n\t\t            },\r\n\t\t            {\r\n\t\t                \"breakpoint\": 992,\r\n\t\t                \"settings\": {\r\n\t\t                    \"slidesToScroll\": 1,\r\n\t\t                    \"slidesToShow\": 1\r\n\t\t                }\r\n\t\t            },\r\n\t\t            {\r\n\t\t                \"breakpoint\": 550,\r\n\t\t                \"settings\": {\r\n\t\t                    \"slidesToScroll\": 1,\r\n\t\t                    \"slidesToShow\": 1\r\n\t\t                }\r\n\t\t            }\r\n\t\t        ]\r\n\t\t    }' class=\"customer-words-list\">\r\n\t\t\t\t<li>\r\n\t\t\t\t\t<p class=\"content\">“ Who loves or pursues or desires to obtain pain of itself, because it is pain, but because sed ut occasionally ”\r\n\t\t\t\t\tcircumstances occur in which toil and him some great pleasure.</p>\t\t\r\n\t\t\t\t\t<div class=\"customer-info\">\r\n\t\t\t\t\t\t<h6 class=\"name\">Martin Janath</h6>\r\n\t\t\t\t\t\t<span class=\"separate\">-</span>\r\n\t\t\t\t\t\t<span class=\"career\">CEO of ArenaThemes</span>\r\n\t\t\t\t\t\t<div href=\"javascript:;\" class=\"avatar\">\r\n\t\t\t\t\t\t\t<div class=\"avatar-wrapper\">\r\n\t\t\t\t\t\t\t\t<img src=\"/assets/img/sample-customer-avatar.jpg\" alt=\"\">\r\n\t\t\t\t\t\t\t</div>\r\n\t\t\t\t\t\t</div>\r\n\t\t\t\t\t</div>\r\n\t\t\t\t</li>\r\n\t\t\t\t<li>\r\n\t\t\t\t\t<p class=\"content\">\"Sed ut perspiciatis unde omnis iste natus error sit voluptatem accusantium doloremque laudantium, totam rem aperiam, eaque ipsa quae ab illo inventore veritatis et quasi architecto beatae vitae dicta sunt explicabo.\"</p>\t\t\r\n\t\t\t\t\t<div class=\"customer-info\">\r\n\t\t\t\t\t\t<h6 class=\"name\">Khuong Nguyen</h6>\r\n\t\t\t\t\t\t<span class=\"separate\">-</span>\r\n\t\t\t\t\t\t<span class=\"career\">Frontend Tech Lead Of Arenathemes</span>\r\n\t\t\t\t\t\t<div href=\"javascript:;\" class=\"avatar\">\r\n\t\t\t\t\t\t\t<div class=\"avatar-wrapper\">\r\n\t\t\t\t\t\t\t\t<img src=\"/assets/img/sample-customer-avatar-1.jpg\" alt=\"\">\r\n\t\t\t\t\t\t\t</div>\r\n\t\t\t\t\t\t</div>\r\n\t\t\t\t\t</div>\r\n\t\t\t\t</li>\r\n\t\t\t</ul>\r\n\t\t</div>\r\n\t</div>\r\n</div>"}