{"components/blog/home-blog":"<div class=\"latest-news\">\r\n    <div class=\"container\">\r\n        <div class=\"grid-row\">\r\n            <h2 class=\"block-heading\">Our Latest News</h2>\r\n            <ul data-slick='{\r\n                \"dots\": false,\r\n                \"infinite\": false,\r\n                \"mobileFirst\": true,\r\n                \"slidesToShow\": 1,\r\n                \"slidesToScroll\": 1,\r\n                \"adaptiveHeight\": true,\r\n                \"autoplay\": false,\r\n                \"autoplaySpeed\": 5000,\r\n                \"responsive\": [\r\n                    {\r\n                        \"breakpoint\": 1024,\r\n                        \"settings\": {\r\n                            \"slidesToScroll\": 2,\r\n                            \"slidesToShow\": 2\r\n                        }\r\n                    },\r\n                    {\r\n                        \"breakpoint\": 767,\r\n                        \"settings\": {\r\n                            \"slidesToScroll\": 3,\r\n                            \"slidesToShow\": 3\r\n                        }\r\n                    },\r\n                    {\r\n                        \"breakpoint\": 480,\r\n                        \"settings\": {\r\n                            \"slidesToScroll\": 2,\r\n                            \"slidesToShow\": 2\r\n                        }\r\n                    }\r\n                ]\r\n            }' class=\"latest-news-list\">\r\n                {{#each posts}}\r\n                    <li class=\"news-item\">\r\n                        <div class=\"news-item-top\">\r\n                            <div class=\"post-thumb\">\r\n                                <a href=\"{{url}}\">\r\n                                    <img src=\"{{getImage thumbnail 'blog_size'}}\" alt=\"{{thumbnail.alt}}\">    \r\n                                    <div class=\"public-info\">Public Info!</div>\r\n                                </a>\r\n                            </div>\r\n                            <div class=\"post-info\">\r\n                                <h4 class=\"post-title\">{{title}}</h4>\r\n                                <div class=\"published-date\">\r\n                                    <span class=\"published-date-wrapper\">\r\n                                        <span>\r\n                                            {{date_published}}    \r\n                                        </span>\r\n                                    </span>    \r\n                                </div>\r\n                                <p class=\"author\">Posted By {{author}}</p>\r\n                            </div>\r\n                        </div>\r\n                        <div class=\"news-item-bottom\">\r\n                            <p class=\"post-content\">{{summary}}...</p>\r\n                            <a href=\"{{url}}\" class=\"read-more-btn\">Read More</a>\r\n                        </div>\r\n                    </li>\r\n                {{/each}}\r\n            </ul>\r\n        </div>\r\n    </div>\r\n</div>"}